Room Code,Day,Free From,Free Till
AB101,Mon,08:00,09:00
AB101,Tue,08:00,09:00
AB101,Tue,12:00,15:00
AB101,Wed,08:00,11:00
AB101,Wed,14:00,17:00
AB101,Fri,08:00,10:00
AB101,Fri,14:00,17:00
AB201,Tue,08:00,09:00
AB201,Wed,08:00,09:00
AB201,Wed,11:00,17:00
AB201,Fri,08:00,09:30
AB201,Fri,12:30,13:30
AB201,Fri,16:30,17:00
BH101 / Barony Main Hall,Tue,08:00,09:00
BH101 / Barony Main Hall,Tue,12:00,17:00
CL102,Mon,08:00,09:00
CL102,Tue,08:00,11:00
CL102,Wed,08:00,10:00
CL102,Wed,15:00,17:00
CL102,Fri,08:00,10:00
CL102,Fri,12:00,17:00
CL201,Mon,08:00,11:00
CL201,Mon,13:00,17:00
CL201,Tue,08:00,15:00
CL201,Wed,08:00,11:00
CL201,Wed,13:00,17:00
CL202,Mon,08:00,11:00
CL202,Mon,13:00,17:00
CL202,Tue,08:00,10:00
CL202,Tue,13:00,14:00
CL202,Wed,08:00,14:00
CL202,Wed,16:00,17:00
CL202,Fri,08:00,11:00
CL202,Fri,15:00,17:00
CL203,Mon,08:00,10:30
CL203,Mon,13:00,17:00
CL203,Tue,08:00,10:00
CL203,Tue,12:30,13:00
CL204,Mon,08:00,11:00
CL204,Mon,13:00,17:00
CL204,Tue,08:00,10:00
CL204,Tue,16:30,17:00
CL204,Wed,08:00,10:00
CL204,Wed,11:00,17:00
CL205,Mon,08:00,10:30
CL205,Mon,14:00,17:00
CL205,Tue,08:00,09:30
CL205,Tue,11:00,14:00
CL205,Tue,16:00,17:00
CL205,Wed,08:00,09:30
CL205,Wed,11:00,17:00
CL205,Fri,08:00,10:00
CL205,Fri,11:00,17:00
CU239,Tue,08:00,09:00
CU239,Tue,15:00,17:00
CU242,Mon,08:00,13:00
CU243,Mon,08:00,09:00
CU243,Wed,08:00,09:00
CU243,Wed,13:00,17:00
CU244,Mon,08:00,09:00
CU244,Wed,08:00,09:00
CU244,Wed,13:00,17:00
CU271,Fri,08:00,09:00
CU271,Fri,12:00,13:00
CU271,Fri,16:00,17:00
CU315a,Wed,08:00,11:00
CU315a,Wed,13:00,17:00
CU321a,Tue,08:00,11:00
CU321a,Tue,12:30,17:00
CU330a,Mon,08:00,14:00
CU330a,Mon,16:00,17:00
CU334,Mon,08:00,10:00
CU334,Mon,13:00,17:00
CU334,Tue,08:00,11:00
CU334,Wed,08:00,11:00
CU334,Wed,13:00,17:00
CU334,Fri,08:00,09:00
CU334,Fri,12:00,13:00
CU522,Tue,08:00,10:00
CU522,Tue,15:00,17:00
CU627c,Wed,08:00,10:00
CU627c,Wed,12:00,13:00
CU627c,Wed,14:00,17:00
CW404a,Mon,08:00,14:00
CW404a,Mon,16:00,17:00
CW404a,Tue,08:00,09:00
CW404a,Tue,12:00,13:00
CW404a,Wed,08:00,10:00
CW404a,Wed,12:00,14:00
CW404a,Wed,15:00,16:00
CW404a,Fri,08:00,14:00
CW404a,Fri,15:00,17:00
CW404b,Mon,08:00,10:00
CW404b,Mon,16:00,17:00
CW404b,Tue,08:00,09:00
CW404b,Tue,12:00,13:00
CW404b,Wed,08:00,10:00
CW404b,Wed,12:00,13:00
CW404b,Wed,16:00,17:00
CW404b,Fri,08:00,14:00
CW406a,Mon,08:00,15:00
CW406a,Tue,08:00,10:00
CW406a,Tue,12:00,13:00
CW406a,Wed,08:00,10:00
CW406a,Wed,12:00,13:00
CW406a,Wed,15:00,15:30
CW406a,Fri,08:00,10:00
CW406a,Fri,12:00,17:00
CW406b,Mon,08:00,14:00
CW406b,Mon,15:00,17:00
CW406b,Tue,08:00,10:00
CW406b,Tue,13:00,13:30
CW406b,Wed,08:00,09:00
CW406b,Wed,15:30,17:00
CW408,Mon,08:00,09:00
CW408,Tue,08:00,09:30
CW408,Tue,13:30,14:00
CW408,Wed,08:00,11:00
CW408,Wed,16:00,17:00
CW408,Fri,08:00,09:00
CW408,Fri,11:00,13:00
CW506a,Mon,08:00,13:00
CW506a,Mon,14:00,17:00
CW506a,Tue,08:00,13:00
CW506a,Tue,16:00,17:00
CW506b,Mon,08:00,08:30
CW506b,Mon,11:00,13:00
CW506b,Mon,14:00,17:00
CW506b,Tue,08:00,13:00
CW506b,Tue,16:00,17:00
CW506b,Fri,08:00,13:00
CW506b,Fri,15:00,17:00
CW507a,Mon,08:00,10:00
CW507a,Mon,12:00,17:00
CW507a,Tue,08:00,09:00
CW507a,Tue,13:00,14:00
CW507a,Tue,16:00,17:00
CW507a,Wed,08:00,10:00
CW507b,Mon,08:00,08:30
CW507b,Mon,10:00,12:00
CW507b,Mon,15:00,17:00
CW507b,Tue,08:00,10:00
CW507b,Wed,08:00,09:00
CW507b,Wed,12:00,13:00
CW507b,Wed,16:00,17:00
CW602,Mon,08:00,11:00
CW602,Mon,12:00,13:00
CW602,Mon,16:30,17:00
CW602,Tue,08:00,09:00
CW602,Wed,08:00,11:00
CW602,Fri,08:00,09:00
CW602,Fri,16:00,17:00
DW307,Wed,08:00,09:00
DW307,Wed,13:00,17:00
EXT / Gorbals (Tennis),Tue,08:00,10:00
GH222b,Tue,08:00,10:00
GH222b,Tue,12:00,17:00
GH222b,Wed,08:00,11:00
GH222b,Wed,13:00,17:00
GH227,Mon,08:00,12:00
GH227,Mon,14:00,17:00
GH227,Wed,08:00,10:00
GH227,Wed,12:00,17:00
GH322,Mon,08:00,12:00
GH322,Mon,14:00,17:00
GH322,Tue,08:00,09:30
GH327,Tue,08:00,10:00
GH327,Tue,12:00,17:00
GH327,Wed,08:00,14:00
GH327,Wed,16:30,17:00
GH330,Wed,08:00,10:00
GH330,Wed,16:00,17:00
GH330,Fri,08:00,12:30
GH330,Fri,15:00,17:00
GH509,Mon,08:00,10:30
GH509,Mon,11:30,17:00
GH509,Tue,08:00,09:00
GH509,Tue,13:00,15:00
GH509,Wed,08:00,10:00
GH509,Wed,12:00,13:30
GH509,Wed,15:00,17:00
GH509,Fri,08:00,09:30
GH509,Fri,15:00,17:00
GH510,Mon,08:00,10:00
GH510,Mon,13:00,13:30
GH510,Tue,08:00,11:00
GH510,Tue,13:00,14:00
GH510,Wed,08:00,09:00
GH510,Wed,14:00,17:00
GH510,Fri,08:00,10:00
GH510,Fri,13:00,17:00
GH511,Mon,08:00,10:00
GH511,Tue,08:00,09:00
GH511,Wed,08:00,10:00
GH511,Wed,12:00,17:00
GH511,Fri,08:00,09:00
GH511,Fri,11:30,12:00
GH511,Fri,13:00,14:00
GH512,Mon,08:00,09:00
GH512,Mon,16:00,17:00
GH512,Tue,08:00,10:00
GH512,Tue,12:00,13:00
GH512,Wed,08:00,10:00
GH512,Wed,12:00,17:00
GH512,Fri,08:00,10:00
GH512,Fri,16:00,17:00
GH513,Mon,08:00,10:00
GH513,Mon,12:00,13:00
GH513,Tue,08:00,09:00
GH513,Tue,12:00,13:00
GH513,Wed,08:00,10:00
GH513,Wed,16:00,17:00
GH513,Fri,08:00,10:00
GH513,Fri,15:00,17:00
GH514,Mon,08:00,09:00
GH514,Tue,08:00,09:00
GH514,Tue,14:00,17:00
GH514,Wed,08:00,09:00
GH514,Wed,13:00,17:00
GH514,Fri,08:00,09:00
GH514,Fri,10:00,11:00
GH514,Fri,15:00,17:00
GH515,Mon,08:00,11:00
GH515,Mon,13:00,14:00
GH515,Tue,08:00,09:00
GH515,Tue,15:00,17:00
GH515,Wed,08:00,10:00
GH515,Wed,13:00,17:00
GH515,Fri,08:00,10:00
GH515,Fri,11:00,12:00
GH528,Fri,08:00,12:00
GH537,Fri,08:00,12:00
GH537,Fri,14:00,17:00
GH542,Mon,08:00,09:00
GH542,Mon,13:00,14:00
GH542,Mon,15:00,17:00
GH542,Tue,08:00,10:00
GH542,Tue,12:00,14:00
GH542,Wed,08:00,09:00
GH542,Wed,13:00,14:00
GH542,Fri,08:00,09:00
GH542,Fri,15:00,17:00
GH552,Mon,08:00,13:30
GH552,Mon,15:00,17:00
GH552,Tue,08:00,09:00
GH552,Tue,13:00,14:00
GH552,Wed,08:00,09:00
GH552,Wed,13:00,17:00
GH552,Fri,08:00,10:00
GH552,Fri,15:00,17:00
GH554,Mon,08:00,10:00
GH554,Mon,11:00,12:00
GH554,Mon,13:00,14:00
GH554,Mon,16:00,17:00
GH554,Tue,08:00,10:00
GH554,Tue,12:00,14:00
GH554,Wed,08:00,11:00
GH554,Wed,12:00,17:00
GH554,Fri,08:00,13:00
GH554,Fri,14:30,15:00
GH557,Wed,08:00,10:00
GH557,Wed,11:00,17:00
GH560,Mon,08:00,10:00
GH560,Mon,12:00,17:00
GH614,Mon,08:00,09:00
GH614,Mon,13:30,17:00
GH614,Tue,08:00,09:00
GH614,Tue,13:00,14:00
GH614,Wed,08:00,09:00
GH614,Fri,08:00,10:00
GH614,Fri,12:00,13:00
GH614,Fri,16:00,17:00
GH617,Mon,08:00,10:00
GH617,Mon,12:00,14:00
GH617,Tue,08:00,10:00
GH617,Tue,16:00,17:00
GH617,Wed,08:00,09:00
GH617,Wed,13:00,17:00
GH617,Fri,08:00,09:00
GH617,Fri,12:00,14:00
GH617,Fri,16:00,17:00
GH621,Mon,08:00,12:00
GH621,Tue,08:00,10:00
GH621,Tue,13:00,15:00
GH621,Wed,08:00,10:00
GH621,Wed,13:00,14:00
GH621,Fri,08:00,10:00
GH621,Fri,16:00,17:00
GH626,Mon,08:00,09:00
GH626,Mon,13:00,16:00
GH626,Tue,08:00,09:00
GH626,Wed,08:00,10:00
GH626,Wed,13:00,17:00
GH626,Fri,08:00,10:00
GH626,Fri,12:00,13:00
GH626,Fri,15:00,17:00
GH630,Mon,08:00,10:00
GH630,Mon,13:00,17:00
GH630,Tue,08:00,10:00
GH630,Tue,14:00,15:00
GH630,Tue,16:00,17:00
GH630,Wed,08:00,10:00
GH630,Wed,13:00,17:00
GH630,Fri,08:00,10:00
GH630,Fri,12:00,17:00
GH634,Mon,08:00,09:00
GH634,Mon,11:00,13:00
GH634,Tue,08:00,13:00
GH634,Wed,08:00,09:00
GH634,Wed,11:00,12:00
GH634,Wed,14:00,15:00
GH634,Wed,16:00,17:00
GH634,Fri,08:00,09:00
GH634,Fri,11:00,12:00
GH634,Fri,15:00,17:00
GH637,Mon,08:00,10:30
GH637,Mon,13:00,17:00
GH637,Tue,08:00,11:00
GH637,Tue,12:00,15:00
GH637,Wed,08:00,09:00
GH637,Wed,12:00,17:00
GH637,Fri,08:00,11:00
GH637,Fri,12:00,17:00
GH640,Mon,08:00,09:00
GH640,Mon,16:00,17:00
GH640,Tue,08:00,09:00
GH640,Tue,11:00,12:00
GH640,Tue,13:00,14:00
GH640,Wed,08:00,10:00
GH640,Wed,12:00,14:00
GH640,Wed,15:00,17:00
GH640,Fri,08:00,10:00
GH640,Fri,11:00,13:30
GH641,Tue,08:00,10:00
GH641,Wed,08:00,10:00
GH641,Wed,13:00,17:00
GH641,Fri,08:00,11:00
GH641,Fri,12:00,17:00
GH643,Mon,08:00,12:00
GH643,Mon,15:00,17:00
GH643,Tue,08:00,10:00
GH643,Tue,12:00,15:00
GH643,Wed,08:00,11:00
GH643,Wed,12:00,17:00
GH643,Fri,08:00,10:00
GH643,Fri,15:00,17:00
GH644,Mon,08:00,11:00
GH644,Mon,12:00,14:00
GH644,Mon,15:00,17:00
GH644,Tue,08:00,10:00
GH644,Tue,12:00,13:00
GH644,Tue,16:00,17:00
GH644,Wed,08:00,10:00
GH644,Wed,13:00,17:00
GH644,Fri,08:00,10:00
GH644,Fri,11:00,13:00
GH644,Fri,14:00,15:00
GH644,Fri,16:00,17:00
GH646,Tue,08:00,10:00
GH646,Tue,12:00,13:00
GH646,Wed,08:00,09:00
GH646,Wed,12:00,17:00
GH648,Mon,08:00,10:00
GH648,Mon,16:00,17:00
GH648,Tue,08:00,10:00
GH648,Tue,13:00,14:00
GH648,Tue,16:00,17:00
GH648,Wed,08:00,09:00
GH648,Wed,11:00,12:00
GH648,Wed,13:00,17:00
GH648,Fri,08:00,09:00
GH648,Fri,12:00,14:00
GH648,Fri,15:00,17:00
GH701,Mon,08:00,10:00
GH701,Mon,12:00,14:00
GH701,Tue,08:00,09:00
GH701,Tue,12:00,13:00
GH701,Wed,08:00,10:00
GH701,Wed,13:00,17:00
GH701,Fri,08:00,09:00
GH701,Fri,11:00,12:00
GH702,Mon,08:00,10:00
GH702,Mon,14:00,17:00
GH702,Tue,08:00,10:00
GH702,Wed,08:00,09:00
GH702,Wed,13:00,17:00
GH702,Fri,08:00,11:00
GH703,Mon,08:00,09:00
GH703,Mon,16:00,17:00
GH703,Tue,08:00,10:00
GH703,Tue,12:00,13:00
GH703,Wed,08:00,09:00
GH703,Wed,13:00,17:00
GH703,Fri,08:00,10:00
GH703,Fri,15:00,17:00
GH709,Mon,08:00,12:00
GH709,Mon,16:00,17:00
GH709,Tue,08:00,11:00
GH709,Tue,13:00,15:00
GH709,Wed,08:00,10:00
GH709,Wed,12:00,17:00
GH709,Fri,08:00,11:00
GH709,Fri,13:00,17:00
GH713,Mon,08:00,10:00
GH713,Tue,08:00,09:00
GH713,Tue,12:00,14:00
GH713,Tue,16:00,17:00
GH713,Wed,08:00,09:00
GH713,Wed,12:00,14:00
GH713,Wed,15:00,17:00
GH713,Fri,08:00,09:00
GH713,Fri,13:00,13:30
GH714,Mon,08:00,11:00
GH714,Tue,08:00,11:00
GH714,Tue,12:00,13:00
GH714,Wed,08:00,10:00
GH714,Wed,11:00,17:00
GH729,Tue,08:00,09:00
GH729,Tue,11:00,14:00
GH729,Tue,16:00,17:00
GH731,Mon,08:00,11:00
GH731,Mon,13:00,17:00
GH731,Tue,08:00,10:00
GH731,Tue,11:00,13:00
GH731,Tue,15:00,17:00
GH731,Wed,08:00,09:00
GH731,Wed,11:00,12:00
GH731,Wed,14:00,17:00
GH731,Fri,08:00,10:00
GH731,Fri,12:00,17:00
GH732,Mon,08:00,11:00
GH732,Mon,13:00,17:00
GH732,Tue,08:00,10:00
GH732,Tue,13:00,14:00
GH732,Tue,15:00,16:00
GH732,Wed,08:00,09:00
GH732,Wed,12:00,14:00
GH732,Wed,15:00,17:00
GH732,Fri,08:00,10:00
GH732,Fri,11:00,17:00
GH737,Mon,08:00,10:00
GH737,Mon,14:00,17:00
GH737,Tue,08:00,09:00
GH737,Tue,14:00,15:00
GH737,Tue,16:00,17:00
GH737,Wed,08:00,10:00
GH737,Wed,13:00,15:00
GH737,Fri,08:00,10:00
GH737,Fri,15:00,17:00
GH737a,Tue,08:00,13:00
GH737a,Tue,16:00,17:00
GH737a,Wed,08:00,09:00
GH737a,Wed,10:00,12:00
GH737a,Wed,13:00,17:00
GH737b,Mon,08:00,10:30
GH737b,Mon,13:30,17:00
GH737b,Tue,08:00,11:00
GH737b,Tue,12:00,13:00
GH737b,Tue,15:00,17:00
GH737b,Wed,08:00,10:00
GH737b,Wed,16:00,17:00
GH738,Mon,08:00,10:00
GH738,Mon,12:00,13:00
GH738,Tue,08:00,10:00
GH738,Tue,13:00,14:00
GH738,Wed,08:00,10:00
GH738,Fri,08:00,09:00
GH738,Fri,12:30,13:00
GH738,Fri,15:00,17:00
GH739,Mon,08:00,11:00
GH739,Mon,12:00,13:00
GH739,Tue,08:00,10:00
GH739,Wed,08:00,10:00
GH739,Wed,13:00,17:00
GH739,Fri,08:00,10:00
GH739,Fri,12:00,13:00
GH739,Fri,15:00,17:00
GH740,Mon,08:00,12:00
GH740,Mon,14:00,14:30
GH740,Mon,16:30,17:00
GH740,Wed,08:00,09:30
GH740,Wed,12:00,14:30
GH740,Wed,16:30,17:00
GH740,Fri,08:00,10:00
GH740,Fri,12:00,17:00
GH742,Tue,08:00,10:30
GH742,Tue,12:30,17:00
GH742,Wed,08:00,10:30
GH744,Mon,08:00,12:00
GH744,Mon,16:30,17:00
GH744,Tue,08:00,09:30
GH744,Wed,08:00,09:30
GH744,Wed,14:00,17:00
GH744,Fri,08:00,09:30
GH744,Fri,14:00,17:00
GH748,Tue,08:00,12:30
GH748,Tue,16:30,17:00
GH748,Wed,08:00,10:00
GH748,Wed,16:30,17:00
GH748,Fri,08:00,10:00
GH748,Fri,14:30,17:00
GH752,Mon,08:00,14:00
GH752,Mon,16:00,17:00
GH752,Tue,08:00,09:30
GH752,Tue,14:30,17:00
GH752,Wed,08:00,09:30
GH752,Wed,12:00,14:30
GH752,Fri,08:00,10:00
GH752,Fri,12:00,17:00
GH753,Tue,08:00,10:00
GH753,Tue,12:00,13:00
GH753,Tue,15:00,17:00
GH753,Fri,08:00,10:00
GH753,Fri,12:00,12:30
GH753,Fri,14:30,17:00
GH863,Mon,08:00,10:00
GH863,Mon,15:00,17:00
GH863,Tue,08:00,09:00
GH863,Tue,11:00,12:00
GH863,Tue,16:00,17:00
GH863,Wed,08:00,10:00
GH863,Wed,12:00,17:00
GH863,Fri,08:00,09:00
GH863,Fri,12:00,14:00
GH863,Fri,16:00,17:00
GH881,Mon,08:00,09:00
GH881,Mon,15:00,17:00
GH881,Tue,08:00,09:00
GH881,Tue,15:00,17:00
GH881,Wed,08:00,10:00
GH881,Wed,12:00,17:00
GH881,Fri,08:00,09:00
GH881,Fri,12:30,17:00
GH898,Mon,08:00,09:00
GH898,Mon,15:00,17:00
GH898,Tue,08:00,13:00
GH898,Tue,15:00,17:00
GH898,Wed,08:00,09:00
GH898,Wed,15:00,17:00
GH898,Fri,08:00,09:00
GH898,Fri,13:00,17:00
HD111,Tue,08:00,13:00
HD111,Tue,16:00,17:00
HD111,Wed,08:00,11:00
HD111,Wed,12:00,17:00
HD111,Fri,08:00,09:00
HD111,Fri,10:00,13:00
HD111,Fri,15:00,17:00
HD113,Mon,08:00,10:00
HD113,Mon,12:00,13:00
HD113,Mon,15:00,17:00
HD113,Tue,08:00,10:00
HD113,Tue,12:00,13:00
HD113,Tue,14:00,15:00
HD113,Wed,08:00,10:00
HD113,Wed,12:00,17:00
HD113,Fri,08:00,10:00
HD113,Fri,12:00,13:00
HW101,Mon,08:00,09:30
HW101,Mon,12:00,13:30
HW101,Mon,16:00,17:00
HW101,Fri,08:00,10:00
HW101,Fri,12:00,17:00
HW201,Mon,08:00,09:30
HW201,Mon,12:00,13:30
HW201,Mon,16:00,17:00
HW201,Tue,08:00,10:00
HW201,Tue,12:30,13:30
HW201,Tue,16:00,17:00
HW201,Wed,08:00,10:00
HW201,Wed,13:00,17:00
HW227,Wed,08:00,10:30
HW227,Wed,12:30,14:00
HW227,Wed,16:00,17:00
JA314,Mon,08:00,09:00
JA314,Mon,13:00,14:00
JA314,Mon,16:00,17:00
JA314,Tue,08:00,09:00
JA314,Tue,14:00,15:00
JA314,Tue,16:00,17:00
JA314,Fri,08:00,10:00
JA314,Fri,13:00,14:00
JA317,Mon,08:00,11:00
JA317,Mon,12:00,14:00
JA317,Tue,08:00,09:00
JA317,Tue,16:00,17:00
JA317,Wed,08:00,09:00
JA317,Wed,12:00,17:00
JA317,Fri,08:00,13:00
JA325,Mon,08:00,09:00
JA325,Tue,08:00,09:00
JA325,Tue,13:00,14:00
JA325,Wed,08:00,09:00
JA325,Wed,13:00,17:00
JA325,Fri,08:00,09:00
JA325,Fri,13:00,14:00
JA326,Mon,08:00,10:00
JA326,Mon,12:00,13:00
JA326,Tue,08:00,10:00
JA326,Tue,13:00,14:00
JA326,Tue,15:00,17:00
JA326,Wed,08:00,10:00
JA326,Wed,13:00,17:00
JA326,Fri,08:00,11:00
JA326,Fri,13:00,17:00
JA327,Mon,08:00,11:00
JA327,Mon,12:00,14:00
JA327,Mon,15:00,17:00
JA327,Tue,08:00,14:00
JA327,Tue,16:00,17:00
JA327,Wed,08:00,10:00
JA327,Wed,13:00,17:00
JA327,Fri,08:00,10:00
JA327,Fri,12:00,13:00
JA327,Fri,15:00,17:00
JA410,Mon,08:00,09:00
JA410,Mon,12:00,14:00
JA410,Tue,08:00,13:00
JA410,Wed,08:00,09:00
JA410,Wed,13:00,17:00
JA410,Fri,08:00,09:00
JA410,Fri,13:00,17:00
JA413,Mon,08:00,09:00
JA413,Mon,13:00,17:00
JA502,Mon,08:00,11:00
JA502,Mon,14:00,17:00
JA502,Tue,08:00,09:00
JA502,Tue,13:00,14:00
JA502,Tue,15:00,17:00
JA502,Fri,08:00,10:00
JA502,Fri,16:00,17:00
JA504,Tue,08:00,10:00
JA504,Tue,16:00,17:00
JA504,Wed,08:00,09:00
JA504,Wed,11:00,17:00
JA504,Fri,08:00,10:00
JA504,Fri,12:00,17:00
JA505,Mon,08:00,11:00
JA505,Mon,12:00,13:00
JA505,Mon,15:00,17:00
JA505,Tue,08:00,10:00
JA505,Tue,16:00,17:00
JA505,Wed,08:00,10:00
JA505,Wed,16:00,17:00
JA505,Fri,08:00,14:00
JA505,Fri,15:00,17:00
JA506,Mon,08:00,10:00
JA506,Mon,12:00,13:00
JA506,Tue,08:00,10:00
JA506,Tue,12:00,14:00
JA506,Tue,16:00,17:00
JA506,Wed,08:00,09:00
JA506,Wed,13:00,17:00
JA506,Fri,08:00,09:00
JA506,Fri,12:00,17:00
JA507,Mon,08:00,14:00
JA507,Mon,16:00,17:00
JA507,Tue,08:00,09:00
JA507,Wed,08:00,09:00
JA507,Wed,12:00,17:00
JA507,Fri,08:00,10:00
JA507,Fri,15:00,17:00
JA512,Mon,08:00,11:00
JA512,Mon,13:00,17:00
JA512,Tue,08:00,10:00
JA512,Tue,14:00,17:00
JA512,Wed,08:00,10:00
JA512,Wed,13:00,17:00
JA512,Fri,08:00,10:00
JA512,Fri,14:00,17:00
JA713,Mon,08:00,14:00
JA713,Mon,16:00,17:00
JA713,Wed,08:00,09:00
JA713,Wed,12:00,17:00
JA813,Tue,08:00,15:00
JA813,Fri,08:00,14:00
JA813,Fri,16:00,17:00
JW125,Wed,08:00,09:00
JW125,Fri,08:00,09:00
JW208,Mon,08:00,09:00
JW208,Mon,10:00,12:00
JW208,Mon,13:00,17:00
JW208,Wed,08:00,09:00
JW208,Wed,10:00,17:00
JW208,Fri,08:00,09:00
JW208,Fri,10:00,17:00
JW303,Mon,08:00,14:00
JW303,Fri,08:00,10:00
JW303,Fri,13:00,14:00
JW304,Mon,08:00,10:00
JW304,Mon,13:00,17:00
JW304,Tue,08:00,10:00
JW304,Tue,13:00,14:00
JW304,Wed,08:00,09:00
JW304,Wed,15:00,17:00
JW308,Mon,08:00,10:00
JW308,Mon,12:00,17:00
JW308,Tue,08:00,09:30
JW308,Tue,12:30,13:30
JW308,Tue,16:30,17:00
JW308,Fri,08:00,09:00
JW308,Fri,12:00,13:00
JW309,Mon,08:00,10:00
JW309,Mon,12:00,17:00
JW309,Tue,08:00,09:30
JW309,Tue,12:30,13:30
JW309,Tue,16:30,17:00
JW309,Fri,08:00,09:00
JW309,Fri,12:00,13:00
JW310,Wed,08:00,09:30
JW310,Wed,12:30,13:30
JW311,Wed,08:00,09:30
JW311,Wed,12:30,13:30
JW311,Wed,15:30,17:00
JW410,Mon,08:00,13:00
JW410,Mon,15:00,17:00
JW410,Tue,08:00,10:00
JW410,Tue,11:00,15:00
JW410,Fri,08:00,09:00
JW410,Fri,11:00,12:00
JW411,Mon,08:00,10:00
JW411,Tue,08:00,10:00
JW411,Tue,12:00,13:00
JW411,Wed,08:00,10:00
JW411,Wed,12:00,13:00
JW411,Wed,15:00,17:00
JW411,Fri,08:00,09:00
JW411,Fri,11:00,12:00
JW411,Fri,13:00,15:00
JW509a,Fri,08:00,09:30
JW509a,Fri,12:30,13:30
JW509a,Fri,16:00,17:00
JW706b,Mon,08:00,09:00
JW706b,Tue,08:00,09:00
JW706b,Tue,13:00,17:00
JW706b,Wed,08:00,14:00
JW706b,Fri,08:00,09:00
JW706b,Fri,11:00,14:00
LH211a,Mon,08:00,13:00
LH211a,Mon,15:00,17:00
LH211a,Tue,08:00,09:00
LH211a,Tue,13:00,17:00
LH211a,Wed,08:00,09:00
LH211a,Wed,14:00,15:00
LH211a,Wed,16:00,17:00
LH211a,Fri,08:00,13:00
LH211a,Fri,15:00,17:00
LH211b,Mon,08:00,10:00
LH211b,Mon,11:00,13:00
LH211b,Mon,15:00,17:00
LH211b,Tue,08:00,10:00
LH211b,Tue,12:00,13:00
LH211b,Wed,08:00,11:00
LH211b,Wed,13:00,17:00
LH211b,Fri,08:00,13:00
LH211b,Fri,15:00,17:00
LH213a,Mon,08:00,11:00
LH213a,Mon,12:00,13:00
LH213a,Mon,15:00,17:00
LH213a,Tue,08:00,09:00
LH213a,Wed,08:00,09:00
LH213a,Wed,14:00,15:00
LH213b,Tue,08:00,09:00
LH213b,Wed,08:00,09:00
LH213b,Wed,12:00,15:00
LH217,Tue,08:00,09:00
LH217,Tue,12:00,14:00
LH217,Wed,08:00,09:00
LH217,Wed,15:00,17:00
LH218,Mon,08:00,13:00
LH218,Mon,15:00,17:00
LH218,Tue,08:00,10:00
LH218,Tue,13:00,15:00
LH218,Tue,16:00,17:00
LH218,Wed,08:00,09:00
LH218,Fri,08:00,13:00
LH218,Fri,15:00,17:00
LH226a,Mon,08:00,09:00
LH226a,Mon,12:00,13:00
LH226a,Mon,15:00,17:00
LH226a,Tue,08:00,09:00
LH226a,Tue,16:00,17:00
LH226a,Wed,08:00,09:00
LH226a,Wed,14:00,15:00
LH226a,Fri,08:00,10:00
LH226a,Fri,12:30,17:00
LH226b,Mon,08:00,10:00
LH226b,Mon,12:00,13:00
LH226b,Mon,15:00,17:00
LH226b,Tue,08:00,09:00
LH226b,Wed,08:00,09:00
LH226b,Wed,12:00,13:00
LH226b,Fri,08:00,10:00
LH226b,Fri,11:00,17:00
LH227a,Tue,08:00,09:00
LH227a,Tue,11:00,12:00
LH227a,Tue,14:00,15:00
LH227a,Wed,08:00,09:00
LH227a,Wed,12:00,13:00
LH227a,Fri,08:00,10:00
LH227a,Fri,12:30,17:00
LH227b,Mon,08:00,10:00
LH227b,Mon,12:00,13:00
LH227b,Mon,15:00,17:00
LH227b,Tue,08:00,09:00
LH227b,Tue,12:00,14:00
LH227b,Tue,16:00,17:00
LH227b,Wed,08:00,09:00
LH227b,Wed,12:00,15:00
LH227b,Fri,08:00,10:00
LH227b,Fri,12:30,17:00
LH228,Mon,08:00,10:00
LH228,Mon,13:00,17:00
LH228,Tue,08:00,09:00
LH228,Wed,08:00,09:00
LH228,Wed,13:00,17:00
LH228,Fri,08:00,09:00
LH228,Fri,12:00,13:00
LH228,Fri,15:00,17:00
LH229a,Mon,08:00,10:00
LH229a,Mon,11:30,12:00
LH229a,Mon,13:00,17:00
LH229a,Tue,08:00,09:00
LH229a,Wed,08:00,09:00
LH229a,Wed,14:00,15:00
LH229b,Mon,08:00,10:00
LH229b,Mon,12:00,13:00
LH229b,Tue,08:00,09:00
LH229b,Wed,08:00,09:00
LH229b,Wed,14:00,15:00
LH229b,Fri,08:00,10:00
LH229b,Fri,12:00,17:00
LT1105,Mon,08:00,09:00
LT1105,Mon,16:00,17:00
LT1105,Tue,08:00,09:00
LT1105,Wed,08:00,09:00
LT1105,Fri,08:00,09:00
LT1105,Fri,11:00,12:00
LT1105,Fri,16:00,17:00
LT1201,Mon,08:00,11:00
LT1201,Mon,12:00,17:00
LT1201,Tue,08:00,12:00
LT1221,Tue,08:00,11:00
LT1221,Tue,13:00,17:00
LT1221,Wed,08:00,15:00
LT1301,Tue,08:00,11:00
LT1301,Tue,13:00,17:00
LT209,Mon,08:00,14:30
LT209,Mon,16:30,17:00
LT209,Tue,08:00,09:00
LT209,Tue,12:00,13:00
LT209,Tue,16:00,17:00
LT209,Wed,08:00,10:00
LT209,Wed,13:00,17:00
LT209,Fri,08:00,09:00
LT209,Fri,13:00,17:00
LT210,Mon,08:00,11:00
LT210,Mon,12:00,13:00
LT210,Tue,08:00,09:00
LT210,Wed,08:00,10:00
LT210,Wed,12:00,17:00
LT210,Fri,08:00,11:00
LT210,Fri,15:00,17:00
LT211,Tue,13:00,17:00
LT211,Wed,10:00,17:00
LT212,Mon,08:00,11:00
LT212,Mon,13:00,14:00
LT212,Tue,15:00,17:00
LT212,Wed,13:00,17:00
LT301a,Mon,08:00,10:00
LT301a,Mon,12:00,13:00
LT301a,Tue,08:00,10:00
LT301a,Tue,14:00,15:00
LT301a,Fri,08:00,10:00
LT301a,Fri,12:00,13:00
LT301a,Fri,15:00,17:00
LT301b,Mon,08:00,13:00
LT301b,Tue,08:00,09:00
LT301b,Tue,11:00,15:00
LT301b,Fri,08:00,10:00
LT301b,Fri,12:00,13:00
LT301b,Fri,15:00,17:00
LT302,Mon,08:00,11:00
LT302,Mon,13:00,14:00
LT302,Mon,16:00,17:00
LT302,Tue,08:00,09:00
LT302,Tue,10:00,12:00
LT302,Tue,14:00,17:00
LT302,Wed,08:00,12:00
LT302,Wed,13:30,17:00
LT303,Mon,08:00,11:00
LT303,Mon,13:00,14:00
LT303,Mon,16:00,17:00
LT303,Tue,08:00,13:00
LT303,Tue,15:00,17:00
LT304,Mon,08:00,10:00
LT304,Mon,12:00,14:00
LT304,Tue,08:00,09:00
LT304,Tue,11:00,12:00
LT304,Tue,15:00,17:00
LT307,Mon,08:00,10:00
LT307,Mon,16:00,17:00
LT307,Tue,08:00,09:00
LT307,Tue,10:00,17:00
LT309,Mon,08:00,12:00
LT309,Tue,08:00,09:00
LT309,Tue,15:00,17:00
LT309,Wed,08:00,10:00
LT309,Wed,12:00,17:00
LT310,Mon,08:00,11:00
LT310,Mon,16:00,17:00
LT310,Tue,08:00,10:00
LT310,Wed,08:00,09:00
LT310,Wed,10:00,11:00
LT310,Wed,12:00,17:00
LT310,Fri,08:00,13:00
LT310,Fri,15:00,17:00
LT311,Mon,08:00,11:00
LT311,Mon,13:00,14:00
LT311,Mon,15:00,17:00
LT311,Wed,08:00,14:00
LT311,Wed,16:00,17:00
LT313,Mon,08:00,11:00
LT313,Mon,13:00,14:00
LT313,Mon,15:00,17:00
LT313,Tue,08:00,11:00
LT313,Tue,14:00,17:00
LT313,Wed,08:00,12:00
LT313,Wed,13:00,17:00
LT401,Mon,08:00,09:00
LT401,Tue,08:00,10:00
LT401,Tue,16:00,17:00
LT401,Wed,08:00,09:00
LT401,Wed,12:00,17:00
LT401,Fri,08:00,09:00
LT401,Fri,16:00,17:00
LT402,Tue,08:00,10:00
LT402,Tue,14:00,17:00
LT402,Wed,08:00,09:00
LT402,Wed,12:00,14:00
LT402,Wed,15:30,17:00
LT403,Mon,08:00,11:00
LT403,Mon,13:00,17:00
LT403,Tue,08:00,09:00
LT403,Tue,14:00,17:00
LT404,Mon,08:00,11:00
LT404,Mon,13:00,17:00
LT404,Tue,08:00,10:00
LT404,Wed,08:00,14:00
LT405,Tue,08:00,10:00
LT405,Wed,08:00,09:00
LT405,Wed,12:00,17:00
LT406,Mon,08:00,10:00
LT406,Mon,12:00,13:00
LT406,Mon,14:00,17:00
LT406,Tue,08:00,10:00
LT408,Mon,08:00,09:00
LT408,Mon,10:00,14:00
LT408,Mon,16:00,17:00
LT408,Tue,08:00,10:00
LT408,Tue,12:00,17:00
LT409,Mon,08:00,10:00
LT409,Mon,16:00,17:00
LT409,Tue,08:00,09:00
LT409,Tue,10:00,11:00
LT409,Tue,12:00,14:00
LT409,Wed,08:00,10:00
LT409,Wed,13:00,17:00
LT409,Fri,08:00,09:00
LT412,Mon,08:00,14:30
LT412,Mon,16:30,17:00
LT412,Tue,08:00,09:00
LT412,Tue,10:00,11:00
LT412,Wed,08:00,10:00
LT412,Wed,13:00,17:00
LT412,Fri,08:00,10:00
LT412,Fri,15:00,17:00
LT413,Tue,08:00,10:00
LT413,Tue,12:00,13:00
LT413,Wed,08:00,10:00
LT413,Wed,14:00,17:00
LT415,Tue,08:00,14:00
LT415,Wed,08:00,10:00
LT415,Wed,14:00,17:00
LT416,Tue,08:00,11:00
LT416,Wed,08:00,10:00
LT416,Wed,14:00,17:00
LT417,Wed,08:00,10:00
LT417,Wed,14:00,17:00
LT418,Wed,08:00,10:00
LT418,Wed,14:00,17:00
LT419,Mon,08:00,11:00
LT419,Mon,13:00,15:00
LT419,Mon,16:00,17:00
LT419,Tue,08:00,11:00
LT419,Tue,12:00,14:00
LT419,Tue,16:00,17:00
LT419,Wed,08:00,10:00
LT419,Wed,14:00,17:00
LT419,Fri,08:00,09:00
LT419,Fri,12:00,17:00
LT420,Mon,08:00,10:00
LT420,Mon,12:00,17:00
LT420,Tue,08:00,09:00
LT420,Tue,14:00,15:00
LT420,Wed,08:00,10:00
LT420,Wed,12:00,17:00
LT420,Fri,08:00,10:00
LT420,Fri,15:00,17:00
LT501,Mon,08:00,13:00
LT501,Tue,08:00,10:00
LT501,Fri,08:00,11:00
LT502,Fri,08:00,09:00
LT502,Fri,12:00,17:00
LT503,Mon,08:00,11:00
LT503,Mon,13:00,17:00
LT503,Tue,08:00,10:00
LT503,Tue,13:00,14:00
LT503,Wed,08:00,10:00
LT503,Wed,13:00,14:00
LT504,Mon,08:00,11:00
LT504,Mon,13:00,17:00
LT504,Tue,08:00,10:00
LT504,Tue,13:00,14:00
LT504,Wed,08:00,10:00
LT504,Wed,13:00,14:00
LT505,Tue,08:00,14:00
LT505,Wed,08:00,10:00
LT505,Wed,13:00,14:00
LT507,Tue,08:00,10:00
LT507,Tue,13:00,14:00
LT507,Wed,08:00,10:00
LT507,Wed,13:00,14:00
LT508,Mon,08:00,10:00
LT508,Mon,15:00,17:00
LT508,Tue,08:00,10:00
LT508,Tue,13:00,14:00
LT508,Wed,08:00,10:00
LT508,Wed,13:00,14:00
LT511,Mon,08:00,11:00
LT511,Mon,13:00,15:00
LT511,Tue,08:00,09:00
LT511,Tue,16:00,17:00
LT511,Wed,08:00,09:00
LT511,Wed,13:00,17:00
LT511,Fri,08:00,10:00
LT511,Fri,11:00,14:00
LT511,Fri,16:00,17:00
LT512,Mon,08:00,10:00
LT512,Mon,11:00,12:00
LT512,Mon,15:00,17:00
LT512,Tue,08:00,11:00
LT512,Tue,13:00,17:00
LT515,Tue,08:00,10:00
LT515,Tue,13:00,17:00
LT516,Tue,08:00,09:00
LT516,Tue,11:00,17:00
LT517,Mon,08:00,14:00
LT517,Mon,16:00,17:00
LT517,Tue,08:00,14:00
LT517,Tue,15:30,17:00
LT619,Tue,08:00,10:00
LT619,Tue,11:00,12:00
LT619,Wed,08:00,10:00
LT619,Wed,12:00,17:00
LT619,Fri,08:00,10:00
LT619,Fri,14:00,17:00
LT620,Tue,08:00,10:00
LT620,Tue,11:00,15:00
LT620,Tue,16:00,17:00
LT620,Wed,08:00,09:00
LT620,Wed,12:00,17:00
LT621,Tue,08:00,10:00
LT621,Tue,12:00,17:00
LT621,Wed,08:00,09:00
LT621,Wed,13:00,17:00
LT711,Mon,08:00,10:00
LT711,Mon,12:00,17:00
LT711,Tue,08:00,11:00
LT711,Tue,13:00,16:00
LT711,Wed,08:00,10:00
LT711,Wed,13:00,17:00
LT711,Fri,08:00,11:00
LT711,Fri,14:00,17:00
LT714,Mon,08:00,13:00
LT714,Mon,16:00,17:00
LT714,Tue,08:00,09:00
LT714,Tue,15:00,17:00
LT714,Wed,08:00,10:00
LT714,Wed,13:00,17:00
LT714,Fri,08:00,10:00
LT714,Fri,12:00,14:00
LT714,Fri,16:00,17:00
LT715,Mon,08:00,09:00
LT715,Mon,14:00,17:00
LT715,Tue,08:00,10:00
LT715,Wed,08:00,10:00
LT715,Wed,13:00,17:00
LT715,Fri,08:00,09:00
LT715,Fri,12:00,13:00
LT715,Fri,16:00,17:00
LT718,Mon,08:00,10:00
LT718,Mon,12:00,13:00
LT718,Mon,16:00,17:00
LT718,Tue,08:00,09:00
LT718,Tue,16:00,17:00
LT718,Wed,08:00,10:00
LT718,Wed,15:00,17:00
LT718,Fri,08:00,10:00
LT718,Fri,12:00,14:00
LT718,Fri,15:00,17:00
LT719,Mon,08:00,11:00
LT719,Mon,12:00,13:00
LT719,Tue,08:00,11:00
LT719,Tue,12:00,13:00
LT719,Tue,16:00,17:00
LT719,Wed,08:00,12:00
LT719,Wed,13:00,14:00
LT719,Wed,16:00,17:00
LT719,Fri,08:00,10:00
LT719,Fri,13:00,17:00
LT901,Mon,08:00,16:00
LT901,Tue,08:00,10:00
LT901,Tue,11:00,17:00
LT901,Fri,08:00,11:00
LT901,Fri,13:00,15:00
LT907,Mon,08:00,10:00
LT907,Mon,12:00,17:00
LT907,Tue,08:00,11:00
LT907,Tue,13:00,16:00
LT908,Tue,08:00,14:00
LT908,Tue,15:00,17:00
LT908,Wed,08:00,10:00
LT908,Wed,11:00,17:00
LT908,Fri,08:00,12:00
LT908,Fri,13:00,17:00
MC301,Mon,08:00,11:00
MC301,Mon,12:00,13:00
MC301,Tue,08:00,11:00
MC301,Tue,12:00,13:00
MC301,Wed,08:00,09:00
MC301,Wed,14:00,17:00
MC301,Fri,08:00,10:00
MC301,Fri,15:00,17:00
MC303,Mon,08:00,10:00
MC303,Tue,08:00,09:00
MC303,Tue,12:00,13:00
MC303,Tue,16:00,17:00
MC307,Mon,08:00,11:00
MC307,Mon,13:00,14:00
MC307,Tue,08:00,10:00
MC307,Tue,12:00,13:00
MC307,Tue,15:00,17:00
MC307,Wed,08:00,10:00
MC307,Wed,12:00,14:00
MC307,Wed,16:00,17:00
MC307,Fri,08:00,10:00
MC307,Fri,12:00,17:00
MC316,Tue,08:00,15:00
MC316,Wed,08:00,10:00
MC316,Wed,12:00,13:00
MC316,Wed,15:00,17:00
MC316,Fri,08:00,14:00
MC316,Fri,16:00,17:00
MC319,Mon,08:00,10:00
MC319,Mon,14:00,17:00
MC319,Tue,08:00,10:00
MC319,Tue,16:00,17:00
MC319,Wed,08:00,10:00
MC319,Wed,12:00,17:00
MC319,Fri,08:00,09:00
MC319,Fri,13:00,17:00
MC321,Tue,08:00,12:00
MC321,Tue,15:00,17:00
MC321,Fri,08:00,09:00
MC321,Fri,11:00,13:00
MC321,Fri,15:00,17:00
MC402,Mon,08:00,13:00
MC402,Mon,14:00,17:00
MC402,Tue,08:00,11:00
MC402,Tue,13:00,17:00
MC402,Wed,08:00,15:00
MC407,Tue,08:00,14:00
RC345,Mon,08:00,09:00
RC345,Mon,11:00,12:00
RC345,Mon,13:00,14:00
RC345,Mon,15:00,17:00
RC345,Tue,08:00,10:00
RC345,Tue,16:00,17:00
RC345,Wed,08:00,10:00
RC345,Fri,08:00,10:00
RC345,Fri,13:00,15:00
RC345,Fri,16:00,17:00
RC402,Mon,08:00,09:00
RC402,Mon,11:00,14:00
RC402,Mon,16:00,17:00
RC402,Tue,08:00,14:00
RC402,Tue,16:00,17:00
RC402,Fri,08:00,14:00
RC402,Fri,16:00,17:00
RC403,Mon,08:00,14:00
RC403,Tue,08:00,13:00
RC403,Tue,14:00,15:00
RC403,Tue,16:00,17:00
RC403,Fri,08:00,09:00
RC403,Fri,13:00,15:00
RC422,Tue,08:00,10:00
RC422,Tue,12:00,14:00
RC422,Tue,16:00,17:00
RC426,Mon,08:00,09:00
RC426,Mon,16:00,17:00
RC426,Tue,08:00,10:00
RC426,Tue,12:00,13:00
RC426,Tue,15:00,17:00
RC426,Wed,08:00,09:00
RC426,Fri,08:00,09:00
RC426,Fri,12:00,13:00
RC434a,Wed,08:00,09:00
RC434a,Wed,12:00,17:00
RC434a,Fri,08:00,09:00
RC434a,Fri,12:00,17:00
RC434b,Mon,08:00,16:00
RC434b,Tue,08:00,10:00
RC434b,Tue,11:00,17:00
RC434b,Wed,08:00,09:00
RC434b,Wed,12:00,17:00
RC434b,Fri,08:00,09:00
RC434b,Fri,12:00,17:00
RC440,Mon,08:00,11:00
RC440,Mon,13:00,15:00
RC440,Mon,16:00,17:00
RC440,Tue,08:00,09:00
RC440,Wed,08:00,09:00
RC440,Wed,13:00,17:00
RC440,Fri,08:00,09:00
RC440,Fri,12:30,13:00
RC446,Mon,08:00,14:00
RC446,Mon,15:00,17:00
RC446,Tue,08:00,13:00
RC446,Tue,15:00,17:00
RC446,Wed,08:00,12:00
RC446,Wed,13:00,17:00
RC446,Fri,08:00,09:00
RC446,Fri,11:00,17:00
RC447,Mon,08:00,09:00
RC447,Mon,11:00,13:00
RC447,Tue,08:00,09:00
RC447,Tue,14:30,15:00
RC447,Wed,08:00,10:00
RC447,Wed,12:00,17:00
RC447,Fri,08:00,09:00
RC448,Tue,08:00,13:00
RC448,Wed,08:00,12:00
RC448,Wed,15:00,17:00
RC448,Fri,08:00,09:00
RC448,Fri,11:00,17:00
RC471 / Assembly Hall,Mon,08:00,11:00
RC471 / Assembly Hall,Tue,08:00,09:00
RC471 / Assembly Hall,Tue,12:00,13:00
RC471 / Assembly Hall,Wed,08:00,10:00
RC471 / Assembly Hall,Fri,08:00,09:00
RC471 / Assembly Hall,Fri,12:00,13:00
RC473,Tue,08:00,10:00
RC473,Tue,13:00,17:00
RC473,Wed,08:00,10:00
RC473,Wed,12:00,17:00
RC473,Fri,08:00,09:00
RC473,Fri,11:00,17:00
RC501,Mon,08:00,10:00
RC501,Mon,12:00,17:00
RC501,Tue,08:00,10:00
RC501,Wed,08:00,09:00
RC501,Wed,12:00,17:00
RC501,Fri,08:00,09:00
RC503,Mon,08:00,11:00
RC503,Mon,14:00,17:00
RC503,Tue,08:00,09:00
RC503,Tue,16:00,17:00
RC503,Wed,08:00,10:00
RC503,Wed,13:00,17:00
RC503,Fri,08:00,09:00
RC503,Fri,12:00,14:00
RC512,Mon,08:00,10:00
RC512,Tue,08:00,09:00
RC512,Tue,12:00,13:00
RC512,Tue,15:00,17:00
RC512,Wed,08:00,09:00
RC512,Wed,10:00,12:00
RC512,Fri,08:00,09:00
RC512,Fri,14:00,15:00
RC513,Mon,08:00,10:00
RC513,Mon,15:00,17:00
RC513,Tue,08:00,09:00
RC513,Tue,10:00,11:00
RC513,Tue,12:00,14:00
RC513,Tue,16:00,17:00
RC513,Wed,08:00,09:00
RC513,Wed,13:00,17:00
RC513,Fri,08:00,09:00
RC513,Fri,11:00,13:00
RC530,Mon,08:00,10:00
RC530,Mon,12:00,17:00
RC530,Wed,08:00,10:00
RC530,Wed,12:00,17:00
RC537,Tue,08:00,15:00
RC538,Mon,08:00,10:00
RC538,Mon,14:00,17:00
RC538,Tue,08:00,10:00
RC538,Tue,13:00,17:00
RC538,Wed,08:00,09:00
RC538,Wed,10:00,11:00
RC538,Wed,15:00,15:30
RC538,Fri,08:00,13:00
RC538,Fri,15:00,17:00
RC540,Mon,08:00,10:00
RC540,Mon,12:00,14:00
RC540,Tue,08:00,09:00
RC540,Tue,14:00,16:00
RC540,Fri,08:00,10:00
RC540,Fri,12:00,17:00
RC546,Mon,08:00,10:00
RC546,Mon,12:00,15:00
RC546,Mon,16:00,17:00
RC546,Tue,08:00,09:00
RC546,Tue,13:00,14:00
RC546,Tue,16:00,17:00
RC546,Wed,08:00,09:00
RC546,Wed,13:00,14:00
RC546,Wed,15:00,17:00
RC546,Fri,08:00,09:00
RC557,Mon,08:00,09:00
RC557,Mon,10:00,11:00
RC557,Mon,15:00,17:00
RC557,Tue,08:00,09:00
RC557,Tue,15:30,17:00
RC557,Wed,08:00,10:00
RC557,Wed,13:00,17:00
RC557,Fri,08:00,09:00
RC557,Fri,13:00,14:00
RC557,Fri,16:00,17:00
RC621,Mon,08:00,10:00
RC621,Mon,13:00,14:00
RC621,Tue,08:00,09:00
RC621,Tue,12:00,14:00
RC621,Fri,08:00,09:00
RC621,Fri,13:00,17:00
RC636,Mon,08:00,13:30
RC636,Tue,08:00,13:30
RC636,Fri,08:00,13:30
RC641,Mon,08:00,09:00
RC641,Mon,13:00,15:00
RC641,Mon,16:00,17:00
RC641,Tue,08:00,10:00
RC641,Wed,08:00,10:00
RC641,Wed,12:00,17:00
RC641,Fri,08:00,10:00
RC641,Fri,16:00,17:00
RC665,Mon,08:00,13:30
RC665,Tue,08:00,13:30
RC665,Fri,08:00,13:30
RC667,Mon,08:00,10:00
RC667,Mon,13:00,14:00
RC667,Tue,08:00,09:00
RC667,Tue,13:00,14:00
RC667,Wed,08:00,09:00
RC667,Fri,08:00,09:00
RC667,Fri,15:00,17:00
RC669,Mon,08:00,09:00
RC669,Mon,12:00,13:00
RC669,Mon,14:00,16:00
RC669,Tue,08:00,10:00
RC669,Wed,08:00,10:00
RC669,Wed,12:00,17:00
RC669,Fri,08:00,09:00
RC669,Fri,13:00,17:00
SH308 / Conditioning Suite,Wed,08:00,09:30
SH308 / Conditioning Suite,Wed,10:30,17:00
SH310 / Dance Studio,Mon,08:00,10:00
SH310 / Dance Studio,Mon,12:00,17:00
SH310 / Dance Studio,Tue,08:00,10:00
SH310 / Dance Studio,Tue,12:00,17:00
SH401 / Sports Hall 1,Mon,08:00,10:00
SH401 / Sports Hall 1,Mon,12:00,17:00
SH401 / Sports Hall 1,Wed,08:00,10:00
SH401 / Sports Hall 1,Wed,12:00,17:00
SH401 / Sports Hall 1,Fri,08:00,14:00
SW104,Mon,08:00,09:00
SW104,Mon,12:00,14:00
SW104,Mon,16:00,17:00
SW104,Tue,08:00,09:00
SW104,Tue,15:00,17:00
SW104,Wed,08:00,10:00
SW104,Wed,16:00,17:00
SW104,Fri,08:00,11:00
SW104,Fri,13:00,15:00
SW104,Fri,16:00,17:00
SW105,Mon,08:00,09:00
SW105,Mon,14:00,15:00
SW105,Tue,08:00,09:00
SW105,Tue,16:00,17:00
SW105,Wed,08:00,09:00
SW105,Wed,14:00,17:00
SW105,Fri,08:00,09:00
SW105,Fri,12:00,17:00
SW106,Mon,08:00,10:00
SW106,Mon,12:00,14:00
SW106,Mon,16:00,17:00
SW106,Tue,08:00,10:00
SW106,Tue,16:00,17:00
SW106,Wed,08:00,10:00
SW106,Wed,14:00,17:00
SW106,Fri,08:00,13:00
SW107,Mon,08:00,09:00
SW107,Tue,08:00,10:00
SW107,Tue,14:00,15:00
SW107,Tue,16:00,17:00
SW107,Wed,08:00,10:00
SW107,Wed,12:00,13:00
SW107,Wed,15:00,17:00
SW107,Fri,08:00,10:00
SW107,Fri,12:00,13:00
SW107,Fri,14:00,15:00
SW107,Fri,16:00,17:00
SW108,Mon,08:00,10:30
SW108,Mon,13:30,17:00
SW108,Tue,08:00,09:00
SW108,Tue,13:00,14:00
SW108,Tue,16:00,17:00
SW108,Wed,08:00,10:00
SW108,Wed,16:00,17:00
SW108,Fri,08:00,10:00
SW108,Fri,12:00,17:00
SW109,Mon,08:00,10:00
SW109,Mon,12:00,14:00
SW109,Mon,16:00,17:00
SW109,Tue,08:00,15:00
SW109,Tue,16:00,17:00
SW109,Wed,08:00,10:00
SW109,Wed,14:00,17:00
SW109,Fri,08:00,13:00
SW109,Fri,15:00,17:00
SW203,Mon,08:00,14:00
SW203,Mon,16:00,17:00
SW203,Wed,08:00,13:00
SW203,Wed,14:00,17:00
SW601a,Mon,08:00,09:00
SW601a,Mon,11:00,13:00
SW601a,Mon,15:00,17:00
SW601a,Tue,08:00,09:00
SW601a,Tue,13:00,17:00
SW601a,Wed,08:00,09:00
SW601a,Wed,11:00,13:00
SW601a,Fri,08:00,10:00
SW601a,Fri,15:00,16:00
SW601b,Mon,08:00,10:00
SW601b,Mon,15:00,17:00
SW601b,Tue,08:00,13:00
SW601b,Wed,08:00,10:00
SW601b,Wed,12:00,13:00
SW601b,Fri,08:00,13:00
SW601b,Fri,15:00,16:00
TG108,Mon,08:00,13:30
TG108,Tue,08:00,13:30
TG108,Fri,08:00,13:30
TG223,Mon,08:00,09:00
TG223,Mon,10:00,15:00
TG223,Mon,16:00,17:00
TG223,Tue,08:00,09:00
TG223,Wed,08:00,10:00
TG223,Wed,12:00,17:00
TG223,Fri,08:00,12:00
TG223,Fri,13:00,17:00
TG227,Mon,08:00,11:00
TG227,Mon,16:00,17:00
TG227,Tue,08:00,10:00
TG227,Tue,12:00,13:00
TG227,Tue,15:00,17:00
TG227,Wed,08:00,09:00
TG227,Wed,10:00,17:00
TG227,Fri,08:00,10:00
TG227,Fri,13:00,14:00
TG227,Fri,16:00,17:00
TG310,Mon,08:00,11:00
TG310,Mon,12:00,13:00
TG310,Mon,14:00,15:00
TG310,Mon,16:00,17:00
TG310,Tue,08:00,10:00
TG310,Tue,16:00,17:00
TG310,Wed,08:00,10:00
TG310,Wed,12:00,14:00
TG310,Wed,15:00,17:00
TG310,Fri,08:00,09:00
TG310,Fri,13:00,14:00
TG310,Fri,15:00,17:00
TG312,Mon,08:00,09:00
TG312,Tue,08:00,09:00
TG312,Wed,08:00,09:00
TG312,Wed,10:00,14:00
TG312,Wed,15:00,17:00
TG312,Fri,08:00,09:00
TG312,Fri,12:00,13:00
TG312,Fri,16:00,17:00
TG314,Mon,08:00,09:00
TG314,Mon,11:00,12:00
TG314,Mon,16:00,17:00
TG314,Tue,08:00,10:00
TG314,Tue,12:00,13:00
TG314,Fri,08:00,09:00
TG314,Fri,13:00,17:00
TL324,Mon,08:00,10:00
TL324,Tue,08:00,10:00
TL324,Wed,08:00,10:00
TL324,Wed,14:00,15:00
TL324,Fri,08:00,10:00
TL324,Fri,12:00,12:30
TL328,Mon,08:00,10:00
TL328,Mon,13:00,14:00
TL328,Tue,08:00,09:00
TL328,Tue,12:00,13:00
TL328,Wed,08:00,09:00
TL328,Fri,08:00,10:00
TL328,Fri,15:00,17:00
TL329,Mon,08:00,09:00
TL329,Mon,13:00,14:00
TL329,Tue,08:00,10:00
TL329,Tue,16:00,17:00
TL329,Wed,08:00,10:00
TL329,Wed,13:00,14:00
TL329,Fri,08:00,09:30
TL329,Fri,13:30,17:00
TL330,Mon,08:00,10:00
TL330,Mon,11:00,12:00
TL330,Mon,14:00,17:00
TL330,Tue,08:00,10:00
TL330,Tue,13:00,17:00
TL330,Wed,08:00,11:00
TL330,Wed,13:00,17:00
TL330,Fri,08:00,10:00
TL330,Fri,13:00,17:00
TL423,Mon,08:00,09:00
TL423,Tue,08:00,09:00
TL423,Wed,08:00,09:00
TL423,Wed,13:00,14:00
TL423,Fri,08:00,11:00
TL455,Mon,08:00,10:00
TL455,Mon,16:00,17:00
TL455,Tue,08:00,10:00
TL455,Wed,08:00,10:00
TL455,Wed,14:00,15:00
TL455,Wed,16:00,17:00
TL455,Fri,08:00,09:00
TL455,Fri,12:00,13:00
TL551b,Mon,08:00,10:00
TL551b,Mon,14:00,15:00
TL551b,Tue,08:00,10:00
TL551b,Wed,08:00,11:00
TL551b,Wed,12:00,17:00
TL551b,Fri,08:00,09:00
TL553,Mon,08:00,10:00
TL553,Mon,12:00,14:30
TL553,Mon,16:30,17:00
TL553,Tue,08:00,10:00
TL553,Tue,12:00,13:00
TL553,Wed,08:00,10:00
TL553,Fri,08:00,11:00
TL553,Fri,12:00,13:00
TL556,Mon,08:00,10:00
TL556,Mon,11:00,12:00
TL556,Mon,14:00,17:00
TL556,Tue,08:00,10:00
TL556,Tue,12:00,13:00
TL556,Wed,08:00,10:00
TL556,Fri,08:00,10:00
TL557,Tue,08:00,09:00
TL557,Tue,13:00,14:00
TL557,Tue,16:00,17:00
TL557,Wed,08:00,10:00
TL557,Fri,08:00,10:00
TL560,Mon,08:00,11:00
TL560,Tue,08:00,09:00
TL560,Tue,11:00,14:00
TL560,Wed,08:00,10:00
TL560,Fri,08:00,09:00
TL560,Fri,12:00,14:00
TL563,Mon,08:00,10:00
TL563,Mon,11:00,12:00
TL563,Mon,13:00,17:00
TL563,Tue,08:00,10:00
TL563,Tue,13:00,14:00
TL563,Tue,16:00,17:00
TL563,Wed,08:00,10:00
TL563,Fri,08:00,10:00
TL565,Mon,08:00,10:00
TL565,Mon,16:00,17:00
TL565,Tue,08:00,10:00
TL565,Tue,13:00,14:00
TL565,Wed,08:00,10:00
TL565,Fri,08:00,11:00
TL651,Mon,08:00,10:00
TL651,Mon,12:00,14:00
TL651,Tue,08:00,09:00
TL651,Tue,12:00,13:00
TL651,Wed,08:00,09:00
TL651,Wed,12:00,12:30
TL651,Wed,13:30,14:00
TL651,Wed,16:00,17:00
TL651,Fri,08:00,10:00
TL651,Fri,13:00,13:30
TL652,Mon,08:00,10:00
TL652,Mon,12:00,14:00
TL652,Tue,08:00,09:00
TL652,Tue,13:00,14:00
TL652,Tue,15:30,17:00
TL652,Wed,08:00,10:00
TL652,Wed,14:00,15:00
TL652,Fri,08:00,09:00
TL652,Fri,12:00,13:00
TL652,Fri,15:00,17:00
TL655,Mon,08:00,11:00
TL655,Mon,13:00,14:00
TL655,Mon,16:00,17:00
TL655,Tue,08:00,10:00
TL655,Tue,13:00,14:00
TL655,Tue,15:00,16:00
TL655,Wed,08:00,10:00
TL655,Fri,08:00,10:00
TL655,Fri,12:00,14:00
TL657,Mon,08:00,10:00
TL657,Mon,14:00,17:00
TL657,Tue,08:00,10:00
TL657,Tue,12:00,13:00
TL657,Wed,08:00,10:00
TL657,Fri,08:00,11:00
TL657,Fri,13:00,17:00
TL660,Mon,08:00,10:00
TL660,Tue,08:00,10:00
TL660,Wed,08:00,10:00
TL660,Fri,08:00,10:00
TL660,Fri,15:00,17:00
TL662,Mon,08:00,11:00
TL662,Mon,13:00,14:00
TL662,Mon,16:00,17:00
TL662,Tue,08:00,10:00
TL662,Wed,08:00,09:00
TL662,Fri,08:00,10:00
TL662,Fri,16:00,17:00
WC106,Mon,08:00,14:00
WC106,Mon,16:00,17:00
WC202,Wed,08:00,13:00
WC202,Wed,15:00,15:30
WC301,Tue,08:00,10:00
WC301,Tue,13:00,17:00
WC301,Fri,08:00,14:00
WC301,Fri,16:00,17:00
