Room,Day,Start,Finish
AB101,Mon,08:00,17:00
AB101,Tue,08:00,17:00
AB101,Wed,08:00,09:00
AB101,Thu,08:00,09:00
AB201,Mon,08:00,17:00
AB201,Tue,08:00,17:00
AB201,Wed,08:00,17:00
AB201,Thu,08:00,17:00
AB201,Fri,08:00,17:00
AB201,Sat,08:00,17:00
AB201,Sun,08:00,17:00
AB308,Mon,08:00,17:00
AB308,Tue,08:00,17:00
AB308,Wed,08:00,17:00
AB308,Thu,08:00,17:00
AB308,Fri,08:00,17:00
AB308,Sat,08:00,17:00
AB308,Sun,08:00,17:00
CL102,Mon,08:00,17:00
CL102,Tue,08:00,17:00
CL102,Wed,08:00,17:00
CL102,Thu,08:00,17:00
CL201,Mon,08:00,17:00
CL201,Tue,08:00,17:00
CL201,Wed,08:00,17:00
CL201,Thu,08:00,17:00
CL202,Mon,08:00,17:00
CL202,Tue,08:00,17:00
CL202,Wed,08:00,17:00
CL202,Thu,08:00,17:00
CL203,Tue,08:00,17:00
CL203,Wed,08:00,17:00
CL203,Thu,08:00,17:00
CL204,Mon,08:00,10:30
CL204,Mon,16:30,17:00
CL204,Tue,08:00,10:00
CL204,Tue,11:00,17:00
CL204,Wed,08:00,17:00
CL204,Thu,08:00,17:00
CL205,Mon,08:00,17:00
CL205,Tue,08:00,17:00
CL205,Wed,08:00,17:00
CL205,Thu,08:00,17:00
CU239,Mon,08:00,17:00
CU239,Tue,08:00,17:00
CU239,Wed,08:00,17:00
CU239,Thu,08:00,17:00
CU239,Fri,08:00,17:00
CU239,Sat,08:00,17:00
CU239,Sun,08:00,17:00
CU242,Mon,08:00,17:00
CU242,Tue,08:00,17:00
CU242,Wed,08:00,17:00
CU242,Thu,08:00,17:00
CU242,Fri,08:00,17:00
CU242,Sat,08:00,17:00
CU242,Sun,08:00,17:00
CU243,Mon,08:00,17:00
CU243,Tue,08:00,17:00
CU243,Wed,08:00,17:00
CU243,Thu,08:00,17:00
CU243,Fri,08:00,17:00
CU243,Sat,08:00,17:00
CU243,Sun,08:00,17:00
CU244,Mon,08:00,17:00
CU244,Tue,08:00,17:00
CU244,Wed,08:00,17:00
CU244,Thu,08:00,17:00
CU244,Fri,08:00,17:00
CU244,Sat,08:00,17:00
CU244,Sun,08:00,17:00
CU270,Mon,08:00,17:00
CU270,Tue,08:00,17:00
CU270,Wed,08:00,17:00
CU270,Thu,08:00,17:00
CU270,Fri,08:00,17:00
CU270,Sat,08:00,17:00
CU270,Sun,08:00,17:00
CU271,Mon,08:00,17:00
CU271,Tue,08:00,17:00
CU271,Wed,08:00,17:00
CU271,Thu,08:00,17:00
CU271,Fri,08:00,17:00
CU271,Sat,08:00,17:00
CU271,Sun,08:00,17:00
CU315a,Mon,08:00,17:00
CU315a,Tue,08:00,17:00
CU315a,Wed,08:00,17:00
CU315a,Thu,08:00,17:00
CU315a,Fri,08:00,17:00
CU315a,Sat,08:00,17:00
CU315a,Sun,08:00,17:00
CU315b,Mon,08:00,17:00
CU315b,Tue,08:00,17:00
CU315b,Wed,08:00,17:00
CU315b,Thu,08:00,17:00
CU315b,Fri,08:00,17:00
CU315b,Sat,08:00,17:00
CU315b,Sun,08:00,17:00
CU321a,Mon,08:00,17:00
CU321a,Tue,08:00,17:00
CU321a,Wed,08:00,17:00
CU321a,Thu,08:00,17:00
CU321a,Fri,08:00,17:00
CU321a,Sat,08:00,17:00
CU321a,Sun,08:00,17:00
CU321b,Mon,08:00,17:00
CU321b,Tue,08:00,17:00
CU321b,Wed,08:00,17:00
CU321b,Thu,08:00,17:00
CU321b,Fri,08:00,17:00
CU321b,Sat,08:00,17:00
CU321b,Sun,08:00,17:00
CU330a,Mon,08:00,17:00
CU330a,Tue,08:00,17:00
CU330a,Wed,08:00,17:00
CU330a,Thu,08:00,17:00
CU330a,Fri,08:00,17:00
CU330a,Sat,08:00,17:00
CU330a,Sun,08:00,17:00
CU330b,Mon,08:00,17:00
CU330b,Tue,08:00,17:00
CU330b,Wed,08:00,17:00
CU330b,Thu,08:00,17:00
CU330b,Fri,08:00,17:00
CU330b,Sat,08:00,17:00
CU330b,Sun,08:00,17:00
CU334,Mon,08:00,17:00
CU334,Tue,08:00,17:00
CU334,Wed,08:00,17:00
CU334,Thu,08:00,17:00
CU334,Fri,08:00,17:00
CU334,Sat,08:00,17:00
CU334,Sun,08:00,17:00
CU359,Mon,08:00,17:00
CU359,Tue,08:00,17:00
CU359,Wed,08:00,17:00
CU359,Thu,08:00,17:00
CU359,Fri,08:00,17:00
CU359,Sat,08:00,17:00
CU359,Sun,08:00,17:00
CU522,Mon,08:00,17:00
CU522,Tue,08:00,17:00
CU522,Wed,08:00,17:00
CU522,Thu,08:00,17:00
CU627a,Mon,08:00,17:00
CU627a,Tue,08:00,17:00
CU627a,Wed,08:00,17:00
CU627a,Thu,08:00,17:00
CU627a,Fri,08:00,17:00
CU627a,Sat,08:00,17:00
CU627a,Sun,08:00,17:00
CU627b,Mon,08:00,17:00
CU627b,Tue,08:00,17:00
CU627b,Wed,08:00,17:00
CU627b,Thu,08:00,17:00
CU627b,Fri,08:00,17:00
CU627b,Sat,08:00,17:00
CU627b,Sun,08:00,17:00
CU627c,Mon,08:00,17:00
CU627c,Tue,08:00,17:00
CU627c,Wed,08:00,17:00
CU627c,Thu,08:00,17:00
CU627c,Fri,08:00,17:00
CU627c,Sat,08:00,17:00
CU627c,Sun,08:00,17:00
CU633,Mon,08:00,17:00
CU633,Tue,08:00,17:00
CU633,Wed,08:00,17:00
CU633,Thu,08:00,17:00
CU633,Fri,08:00,17:00
CU633,Sat,08:00,17:00
CU633,Sun,08:00,17:00
CW207,Mon,08:00,17:00
CW207,Tue,08:00,17:00
CW207,Wed,08:00,17:00
CW207,Thu,08:00,17:00
CW207,Fri,08:00,17:00
CW207,Sat,08:00,17:00
CW207,Sun,08:00,17:00
CW208,Mon,08:00,17:00
CW208,Tue,08:00,17:00
CW208,Wed,08:00,17:00
CW208,Thu,08:00,17:00
CW208,Fri,08:00,17:00
CW208,Sat,08:00,17:00
CW208,Sun,08:00,17:00
CW209,Mon,08:00,17:00
CW209,Tue,08:00,17:00
CW209,Wed,08:00,17:00
CW209,Thu,08:00,17:00
CW209,Fri,08:00,17:00
CW209,Sat,08:00,17:00
CW209,Sun,08:00,17:00
CW210,Mon,08:00,17:00
CW210,Tue,08:00,17:00
CW210,Wed,08:00,17:00
CW210,Thu,08:00,17:00
CW210,Fri,08:00,17:00
CW210,Sat,08:00,17:00
CW210,Sun,08:00,17:00
CW212,Mon,08:00,17:00
CW212,Tue,08:00,17:00
CW212,Wed,08:00,17:00
CW212,Thu,08:00,17:00
CW212,Fri,08:00,17:00
CW212,Sat,08:00,17:00
CW212,Sun,08:00,17:00
CW213,Mon,08:00,17:00
CW213,Tue,08:00,17:00
CW213,Wed,08:00,17:00
CW213,Thu,08:00,17:00
CW213,Fri,08:00,17:00
CW213,Sat,08:00,17:00
CW213,Sun,08:00,17:00
CW214,Mon,08:00,17:00
CW214,Tue,08:00,17:00
CW214,Wed,08:00,17:00
CW214,Thu,08:00,17:00
CW214,Fri,08:00,17:00
CW214,Sat,08:00,17:00
CW214,Sun,08:00,17:00
CW215,Mon,08:00,17:00
CW215,Tue,08:00,17:00
CW215,Wed,08:00,17:00
CW215,Thu,08:00,17:00
CW215,Fri,08:00,17:00
CW215,Sat,08:00,17:00
CW215,Sun,08:00,17:00
CW306,Mon,08:00,17:00
CW306,Tue,08:00,17:00
CW306,Wed,08:00,17:00
CW306,Thu,08:00,17:00
CW306,Fri,08:00,17:00
CW306,Sat,08:00,17:00
CW306,Sun,08:00,17:00
CW307,Mon,08:00,17:00
CW307,Tue,08:00,17:00
CW307,Wed,08:00,17:00
CW307,Thu,08:00,17:00
CW307,Fri,08:00,17:00
CW307,Sat,08:00,17:00
CW307,Sun,08:00,17:00
CW310,Mon,08:00,17:00
CW310,Tue,08:00,17:00
CW310,Wed,08:00,17:00
CW310,Thu,08:00,17:00
CW310,Fri,08:00,17:00
CW310,Sat,08:00,17:00
CW310,Sun,08:00,17:00
CW404a,Mon,08:00,09:00
CW404a,Mon,12:30,17:00
CW404a,Tue,08:00,09:00
CW404a,Tue,13:00,17:00
CW404a,Wed,08:00,09:00
CW404a,Wed,13:30,17:00
CW404a,Thu,08:00,17:00
CW404a,Fri,08:00,17:00
CW404a,Sat,08:00,17:00
CW404a,Sun,08:00,17:00
CW404b,Mon,08:00,17:00
CW404b,Tue,08:00,09:00
CW404b,Tue,13:00,17:00
CW404b,Wed,08:00,17:00
CW404b,Thu,08:00,17:00
CW404b,Fri,08:00,17:00
CW404b,Sat,08:00,17:00
CW404b,Sun,08:00,17:00
CW406a,Mon,08:00,17:00
CW406a,Tue,08:00,09:00
CW406a,Tue,13:00,14:00
CW406a,Wed,08:00,17:00
CW406a,Thu,08:00,13:00
CW406a,Thu,16:00,17:00
CW406a,Fri,08:00,17:00
CW406a,Sat,08:00,17:00
CW406a,Sun,08:00,17:00
CW406b,Mon,08:00,17:00
CW406b,Tue,08:00,09:00
CW406b,Tue,15:00,17:00
CW406b,Wed,08:00,17:00
CW406b,Thu,08:00,17:00
CW406b,Fri,08:00,17:00
CW406b,Sat,08:00,17:00
CW406b,Sun,08:00,17:00
CW408,Mon,08:00,17:00
CW408,Tue,08:00,17:00
CW408,Wed,08:00,17:00
CW408,Thu,08:00,17:00
CW506a,Mon,08:00,17:00
CW506a,Tue,08:00,17:00
CW506a,Wed,08:00,17:00
CW506a,Thu,08:00,17:00
CW506a,Fri,08:00,17:00
CW506a,Sat,08:00,17:00
CW506a,Sun,08:00,17:00
CW506b,Mon,08:00,17:00
CW506b,Tue,08:00,17:00
CW506b,Wed,08:00,17:00
CW506b,Thu,08:00,17:00
CW506b,Fri,08:00,17:00
CW506b,Sat,08:00,17:00
CW506b,Sun,08:00,17:00
CW507a,Mon,08:00,17:00
CW507a,Tue,08:00,17:00
CW507a,Wed,08:00,17:00
CW507a,Thu,08:00,17:00
CW507a,Fri,08:00,17:00
CW507a,Sat,08:00,17:00
CW507a,Sun,08:00,17:00
CW507b,Mon,08:00,17:00
CW507b,Tue,08:00,17:00
CW507b,Wed,08:00,17:00
CW507b,Thu,08:00,17:00
CW507b,Fri,08:00,17:00
CW507b,Sat,08:00,17:00
CW507b,Sun,08:00,17:00
CW602,Mon,08:00,17:00
CW602,Tue,08:00,10:00
CW602,Tue,12:00,17:00
CW602,Wed,08:00,17:00
CW602,Thu,08:00,17:00
DW307,Mon,08:00,17:00
DW307,Tue,08:00,17:00
DW307,Wed,08:00,17:00
DW307,Thu,08:00,17:00
DW307,Fri,08:00,17:00
DW307,Sat,08:00,17:00
DW307,Sun,08:00,17:00
EXT / Gorbals (Tennis),Mon,08:00,17:00
EXT / Gorbals (Tennis),Tue,08:00,17:00
EXT / Gorbals (Tennis),Wed,08:00,17:00
EXT / Gorbals (Tennis),Thu,08:00,17:00
EXT / Gorbals (Tennis),Fri,08:00,17:00
EXT / Gorbals (Tennis),Sat,08:00,17:00
EXT / Gorbals (Tennis),Sun,08:00,17:00
GH222b,Mon,08:00,17:00
GH222b,Tue,08:00,17:00
GH222b,Wed,08:00,17:00
GH222b,Thu,08:00,17:00
GH222b,Fri,08:00,17:00
GH222b,Sat,08:00,17:00
GH222b,Sun,08:00,17:00
GH227,Mon,08:00,17:00
GH227,Tue,08:00,17:00
GH227,Wed,08:00,17:00
GH227,Thu,08:00,17:00
GH227,Fri,08:00,17:00
GH227,Sat,08:00,17:00
GH227,Sun,08:00,17:00
GH230,Mon,08:00,17:00
GH230,Tue,08:00,17:00
GH230,Wed,08:00,17:00
GH230,Thu,08:00,17:00
GH230,Fri,08:00,17:00
GH230,Sat,08:00,17:00
GH230,Sun,08:00,17:00
GH322,Mon,08:00,17:00
GH322,Tue,08:00,17:00
GH322,Wed,08:00,17:00
GH322,Thu,08:00,17:00
GH322,Fri,08:00,17:00
GH322,Sat,08:00,17:00
GH322,Sun,08:00,17:00
GH327,Mon,08:00,17:00
GH327,Tue,08:00,17:00
GH327,Wed,08:00,17:00
GH327,Thu,08:00,17:00
GH327,Fri,08:00,17:00
GH327,Sat,08:00,17:00
GH327,Sun,08:00,17:00
GH330,Mon,08:00,17:00
GH330,Tue,08:00,14:00
GH330,Tue,16:00,17:00
GH330,Wed,08:00,17:00
GH330,Thu,08:00,17:00
GH330,Fri,08:00,17:00
GH330,Sat,08:00,17:00
GH330,Sun,08:00,17:00
GH509,Sat,08:00,17:00
GH509,Sun,08:00,17:00
GH510,Mon,08:00,17:00
GH510,Tue,08:00,14:00
GH510,Tue,16:00,17:00
GH510,Wed,08:00,10:00
GH510,Wed,12:00,17:00
GH510,Thu,08:00,14:00
GH510,Thu,16:00,17:00
GH511,Mon,08:00,17:00
GH511,Tue,08:00,17:00
GH511,Wed,08:00,17:00
GH511,Thu,08:00,17:00
GH512,Mon,08:00,17:00
GH512,Tue,08:00,17:00
GH512,Wed,08:00,17:00
GH512,Thu,08:00,17:00
GH513,Mon,08:00,17:00
GH513,Tue,08:00,17:00
GH513,Wed,08:00,17:00
GH513,Thu,08:00,12:00
GH513,Thu,15:00,17:00
GH514,Mon,08:00,17:00
GH514,Tue,08:00,17:00
GH514,Wed,08:00,17:00
GH514,Thu,08:00,17:00
GH515,Mon,08:00,17:00
GH515,Tue,08:00,17:00
GH515,Wed,08:00,17:00
GH515,Thu,08:00,17:00
GH528,Mon,08:00,17:00
GH528,Tue,08:00,17:00
GH528,Wed,08:00,17:00
GH528,Thu,08:00,17:00
GH528,Fri,08:00,17:00
GH528,Sat,08:00,17:00
GH528,Sun,08:00,17:00
GH536,Mon,08:00,17:00
GH536,Tue,08:00,17:00
GH536,Wed,08:00,17:00
GH536,Thu,08:00,17:00
GH536,Fri,08:00,17:00
GH536,Sat,08:00,17:00
GH536,Sun,08:00,17:00
GH537,Mon,08:00,17:00
GH537,Tue,08:00,17:00
GH537,Wed,08:00,17:00
GH537,Thu,08:00,17:00
GH537,Fri,08:00,17:00
GH537,Sat,08:00,17:00
GH537,Sun,08:00,17:00
GH542,Mon,08:00,17:00
GH542,Tue,08:00,17:00
GH542,Wed,08:00,17:00
GH542,Thu,08:00,17:00
GH552,Mon,08:00,17:00
GH552,Tue,08:00,17:00
GH552,Wed,08:00,17:00
GH552,Thu,08:00,17:00
GH554,Mon,08:00,17:00
GH554,Tue,08:00,17:00
GH554,Wed,08:00,17:00
GH554,Thu,08:00,17:00
GH557,Mon,08:00,17:00
GH557,Tue,08:00,17:00
GH557,Wed,08:00,17:00
GH557,Thu,08:00,17:00
GH560,Mon,08:00,17:00
GH560,Tue,08:00,17:00
GH560,Wed,08:00,17:00
GH560,Thu,08:00,10:00
GH560,Thu,12:00,17:00
GH590,Mon,08:00,17:00
GH590,Tue,08:00,17:00
GH590,Wed,08:00,17:00
GH590,Thu,08:00,17:00
GH590,Fri,08:00,17:00
GH590,Sat,08:00,17:00
GH590,Sun,08:00,17:00
GH614,Mon,08:00,17:00
GH614,Tue,08:00,12:00
GH614,Tue,16:00,17:00
GH614,Wed,08:00,12:00
GH614,Thu,15:00,17:00
GH617,Mon,08:00,17:00
GH617,Tue,08:00,17:00
GH617,Wed,08:00,17:00
GH617,Thu,08:00,17:00
GH621,Mon,08:00,17:00
GH621,Tue,08:00,17:00
GH621,Wed,08:00,17:00
GH621,Thu,08:00,17:00
GH626,Mon,08:00,17:00
GH626,Tue,08:00,17:00
GH626,Wed,08:00,17:00
GH626,Thu,08:00,17:00
GH630,Mon,08:00,17:00
GH630,Tue,08:00,17:00
GH630,Wed,08:00,17:00
GH630,Thu,08:00,17:00
GH634,Mon,08:00,17:00
GH634,Tue,08:00,17:00
GH634,Wed,08:00,17:00
GH634,Thu,08:00,17:00
GH637,Mon,08:00,17:00
GH637,Tue,08:00,17:00
GH637,Wed,08:00,17:00
GH637,Thu,08:00,17:00
GH640,Mon,08:00,17:00
GH640,Tue,08:00,17:00
GH640,Wed,08:00,17:00
GH640,Thu,08:00,17:00
GH641,Mon,08:00,17:00
GH641,Tue,08:00,17:00
GH641,Wed,08:00,17:00
GH641,Thu,08:00,17:00
GH643,Mon,08:00,17:00
GH643,Tue,08:00,17:00
GH643,Wed,08:00,17:00
GH643,Thu,08:00,17:00
GH644,Mon,08:00,17:00
GH644,Tue,08:00,17:00
GH644,Wed,08:00,17:00
GH644,Thu,08:00,17:00
GH646,Mon,08:00,17:00
GH646,Tue,08:00,17:00
GH646,Wed,08:00,17:00
GH646,Thu,08:00,17:00
GH648,Mon,08:00,17:00
GH648,Tue,08:00,17:00
GH648,Wed,08:00,17:00
GH648,Thu,08:00,17:00
GH701,Mon,08:00,17:00
GH701,Tue,08:00,17:00
GH701,Wed,08:00,17:00
GH701,Thu,08:00,17:00
GH702,Mon,08:00,17:00
GH702,Tue,08:00,17:00
GH702,Wed,08:00,17:00
GH702,Thu,08:00,17:00
GH703,Mon,08:00,17:00
GH703,Tue,08:00,17:00
GH703,Wed,08:00,17:00
GH703,Thu,08:00,17:00
GH709,Mon,08:00,17:00
GH709,Tue,08:00,12:00
GH709,Tue,15:00,17:00
GH709,Wed,08:00,17:00
GH709,Thu,08:00,17:00
GH713,Mon,08:00,17:00
GH713,Tue,08:00,17:00
GH713,Wed,08:00,17:00
GH713,Thu,08:00,17:00
GH714,Mon,08:00,17:00
GH714,Tue,08:00,17:00
GH714,Wed,08:00,17:00
GH714,Thu,08:00,17:00
GH729,Mon,08:00,17:00
GH729,Tue,08:00,17:00
GH729,Wed,08:00,17:00
GH729,Thu,08:00,17:00
GH731,Mon,08:00,17:00
GH731,Tue,08:00,17:00
GH731,Wed,08:00,17:00
GH731,Thu,08:00,17:00
GH732,Mon,08:00,17:00
GH732,Tue,08:00,17:00
GH732,Wed,08:00,17:00
GH732,Thu,08:00,17:00
GH737,Mon,08:00,17:00
GH737,Tue,08:00,17:00
GH737,Wed,08:00,17:00
GH737,Thu,08:00,17:00
GH737,Fri,08:00,17:00
GH737,Sat,08:00,17:00
GH737,Sun,08:00,17:00
GH737a,Mon,08:00,17:00
GH737a,Tue,08:00,09:00
GH737a,Tue,10:00,10:30
GH737a,Tue,16:30,17:00
GH737a,Tue,12:30,14:00
GH737a,Wed,08:00,17:00
GH737a,Thu,08:00,17:00
GH737b,Mon,08:00,17:00
GH737b,Tue,08:00,17:00
GH737b,Wed,08:00,17:00
GH737b,Thu,08:00,17:00
GH737b,Fri,08:00,17:00
GH737b,Sat,08:00,17:00
GH737b,Sun,08:00,17:00
GH738,Mon,08:00,17:00
GH738,Tue,08:00,17:00
GH738,Wed,08:00,17:00
GH738,Thu,08:00,17:00
GH739,Mon,08:00,17:00
GH739,Tue,08:00,17:00
GH739,Wed,08:00,17:00
GH739,Thu,08:00,17:00
GH739,Fri,08:00,17:00
GH739,Sat,08:00,17:00
GH739,Sun,08:00,17:00
GH740,Mon,08:00,17:00
GH740,Tue,08:00,10:00
GH740,Tue,12:00,17:00
GH740,Wed,08:00,17:00
GH740,Thu,08:00,17:00
GH740,Fri,08:00,17:00
GH740,Sat,08:00,17:00
GH740,Sun,08:00,17:00
GH742,Mon,08:00,17:00
GH742,Tue,08:00,10:30
GH742,Tue,12:30,17:00
GH742,Wed,08:00,17:00
GH742,Thu,08:00,17:00
GH742,Fri,08:00,17:00
GH742,Sat,08:00,17:00
GH742,Sun,08:00,17:00
GH744,Mon,08:00,12:00
GH744,Mon,14:00,17:00
GH744,Tue,08:00,09:30
GH744,Tue,14:00,17:00
GH744,Wed,08:00,14:00
GH744,Wed,16:30,17:00
GH744,Thu,08:00,17:00
GH744,Fri,08:00,17:00
GH744,Sat,08:00,17:00
GH744,Sun,08:00,17:00
GH748,Mon,08:00,17:00
GH748,Tue,08:00,10:00
GH748,Tue,14:30,17:00
GH748,Wed,08:00,10:00
GH748,Wed,14:30,17:00
GH748,Thu,08:00,17:00
GH748,Fri,08:00,17:00
GH748,Sat,08:00,17:00
GH748,Sun,08:00,17:00
GH749,Mon,08:00,17:00
GH749,Tue,08:00,17:00
GH749,Wed,08:00,17:00
GH749,Thu,08:00,17:00
GH749,Fri,08:00,17:00
GH749,Sat,08:00,17:00
GH749,Sun,08:00,17:00
GH750,Mon,08:00,17:00
GH750,Tue,08:00,17:00
GH750,Wed,08:00,17:00
GH750,Thu,08:00,17:00
GH750,Fri,08:00,17:00
GH750,Sat,08:00,17:00
GH750,Sun,08:00,17:00
GH752,Mon,08:00,17:00
GH752,Tue,08:00,12:00
GH752,Tue,14:30,17:00
GH752,Wed,08:00,12:00
GH752,Wed,14:00,17:00
GH752,Thu,08:00,10:00
GH752,Thu,14:30,17:00
GH752,Fri,08:00,17:00
GH752,Sat,08:00,17:00
GH752,Sun,08:00,17:00
GH753,Mon,08:00,17:00
GH753,Tue,08:00,17:00
GH753,Wed,08:00,17:00
GH753,Thu,08:00,12:00
GH753,Thu,14:30,17:00
GH753,Fri,08:00,17:00
GH753,Sat,08:00,17:00
GH753,Sun,08:00,17:00
GH863,Mon,08:00,17:00
GH863,Tue,08:00,17:00
GH863,Wed,08:00,17:00
GH863,Thu,08:00,15:00
GH881,Mon,08:00,17:00
GH881,Tue,08:00,17:00
GH881,Wed,08:00,17:00
GH881,Thu,08:00,17:00
GH898,Mon,08:00,17:00
GH898,Tue,08:00,17:00
GH898,Wed,08:00,17:00
GH898,Thu,08:00,17:00
GH902,Mon,08:00,16:00
GH902,Tue,08:00,16:00
GH902,Wed,08:00,18:00
GH902,Thu,08:00,17:00
HD111,Mon,08:00,17:00
HD111,Tue,08:00,17:00
HD111,Wed,08:00,17:00
HD111,Thu,08:00,17:00
HD111,Fri,08:00,17:00
HD111,Sat,08:00,17:00
HD111,Sun,08:00,17:00
HD113,Mon,08:00,17:00
HD113,Tue,08:00,17:00
HD113,Wed,08:00,17:00
HD113,Thu,08:00,17:00
HD113,Fri,08:00,17:00
HD113,Sat,08:00,17:00
HD113,Sun,08:00,17:00
HD215,Mon,08:00,17:00
HD215,Tue,08:00,17:00
HD215,Wed,08:00,17:00
HD215,Thu,08:00,17:00
HD215,Fri,08:00,17:00
HD215,Sat,08:00,17:00
HD215,Sun,08:00,17:00
HD228,Mon,08:00,17:00
HD228,Tue,08:00,17:00
HD228,Wed,08:00,17:00
HD228,Thu,08:00,17:00
HD228,Fri,08:00,17:00
HD228,Sat,08:00,17:00
HD228,Sun,08:00,17:00
HH210 (Bahrain),Mon,08:00,17:00
HH210 (Bahrain),Tue,08:00,17:00
HH210 (Bahrain),Wed,08:00,17:00
HH210 (Bahrain),Thu,08:00,17:00
HH210 (Bahrain),Fri,08:00,17:00
HH210 (Bahrain),Sat,08:00,17:00
HH210 (Bahrain),Sun,08:00,17:00
HH211a (Bahrain),Mon,08:00,17:00
HH211a (Bahrain),Tue,08:00,17:00
HH211a (Bahrain),Wed,08:00,17:00
HH211a (Bahrain),Thu,08:00,17:00
HH211a (Bahrain),Fri,08:00,17:00
HH211a (Bahrain),Sat,08:00,17:00
HH211a (Bahrain),Sun,08:00,17:00
HH211b (Bahrain),Mon,08:00,17:00
HH211b (Bahrain),Tue,08:00,17:00
HH211b (Bahrain),Wed,08:00,17:00
HH211b (Bahrain),Thu,08:00,17:00
HH211b (Bahrain),Fri,08:00,17:00
HH211b (Bahrain),Sat,08:00,17:00
HH211b (Bahrain),Sun,08:00,17:00
HH215 (Bahrain),Mon,08:00,17:00
HH215 (Bahrain),Tue,08:00,17:00
HH215 (Bahrain),Wed,08:00,17:00
HH215 (Bahrain),Thu,08:00,17:00
HH215 (Bahrain),Fri,08:00,17:00
HH215 (Bahrain),Sat,08:00,17:00
HH215 (Bahrain),Sun,08:00,17:00
HH216 (Bahrain),Mon,08:00,17:00
HH216 (Bahrain),Tue,08:00,17:00
HH216 (Bahrain),Wed,08:00,17:00
HH216 (Bahrain),Thu,08:00,17:00
HH216 (Bahrain),Fri,08:00,17:00
HH216 (Bahrain),Sat,08:00,17:00
HH216 (Bahrain),Sun,08:00,17:00
HH217 (Bahrain),Mon,08:00,17:00
HH217 (Bahrain),Tue,08:00,17:00
HH217 (Bahrain),Wed,08:00,17:00
HH217 (Bahrain),Thu,08:00,17:00
HH217 (Bahrain),Fri,08:00,17:00
HH217 (Bahrain),Sat,08:00,17:00
HH217 (Bahrain),Sun,08:00,17:00
HH219a (Bahrain),Mon,08:00,17:00
HH219a (Bahrain),Tue,08:00,17:00
HH219a (Bahrain),Wed,08:00,17:00
HH219a (Bahrain),Thu,08:00,17:00
HH219a (Bahrain),Fri,08:00,17:00
HH219a (Bahrain),Sat,08:00,17:00
HH219a (Bahrain),Sun,08:00,17:00
HH219b (Bahrain),Mon,08:00,17:00
HH219b (Bahrain),Tue,08:00,17:00
HH219b (Bahrain),Wed,08:00,17:00
HH219b (Bahrain),Thu,08:00,17:00
HH219b (Bahrain),Fri,08:00,17:00
HH219b (Bahrain),Sat,08:00,17:00
HH219b (Bahrain),Sun,08:00,17:00
HL221 / Hydrodynamics Lab,Mon,08:00,17:00
HL221 / Hydrodynamics Lab,Tue,08:00,17:00
HL221 / Hydrodynamics Lab,Wed,08:00,17:00
HL221 / Hydrodynamics Lab,Thu,08:00,17:00
HL221 / Hydrodynamics Lab,Fri,08:00,17:00
HL221 / Hydrodynamics Lab,Sat,08:00,17:00
HL221 / Hydrodynamics Lab,Sun,08:00,17:00
HW101,Mon,08:00,17:00
HW101,Tue,08:00,17:00
HW101,Wed,08:00,17:00
HW101,Thu,08:00,17:00
HW101,Fri,08:00,17:00
HW101,Sat,08:00,17:00
HW101,Sun,08:00,17:00
HW201,Mon,08:00,17:00
HW201,Tue,08:00,17:00
HW201,Wed,08:00,17:00
HW201,Thu,08:00,17:00
HW201,Fri,08:00,17:00
HW201,Sat,08:00,17:00
HW201,Sun,08:00,17:00
HW227,Mon,08:00,17:00
HW227,Tue,08:00,17:00
HW227,Wed,08:00,17:00
HW227,Thu,08:00,17:00
HW227,Fri,08:00,17:00
HW227,Sat,08:00,17:00
HW227,Sun,08:00,17:00
HW347,Mon,08:00,17:00
HW347,Tue,08:00,17:00
HW347,Wed,08:00,17:00
HW347,Thu,08:00,17:00
HW347,Fri,08:00,17:00
HW347,Sat,08:00,17:00
HW347,Sun,08:00,17:00
JA314,Mon,08:00,17:00
JA314,Tue,08:00,17:00
JA314,Wed,08:00,17:00
JA314,Thu,08:00,17:00
JA317,Mon,08:00,17:00
JA317,Tue,08:00,17:00
JA317,Wed,08:00,17:00
JA317,Thu,08:00,17:00
JA325,Mon,08:00,17:00
JA325,Tue,08:00,17:00
JA325,Wed,08:00,17:00
JA325,Thu,08:00,17:00
JA326,Mon,08:00,17:00
JA326,Tue,08:00,17:00
JA326,Wed,08:00,17:00
JA326,Thu,08:00,17:00
JA327,Mon,08:00,17:00
JA327,Tue,08:00,17:00
JA327,Wed,08:00,17:00
JA327,Thu,08:00,17:00
JA403,Mon,08:00,17:00
JA403,Tue,08:00,17:00
JA403,Wed,08:00,17:00
JA403,Thu,08:00,17:00
JA403,Fri,08:00,17:00
JA403,Sat,08:00,17:00
JA403,Sun,08:00,17:00
JA404,Mon,08:00,17:00
JA404,Tue,08:00,17:00
JA404,Wed,08:00,17:00
JA404,Thu,08:00,17:00
JA404,Fri,08:00,17:00
JA404,Sat,08:00,17:00
JA404,Sun,08:00,17:00
JA406,Mon,08:00,17:00
JA406,Tue,08:00,17:00
JA406,Wed,08:00,17:00
JA406,Thu,08:00,17:00
JA406,Fri,08:00,17:00
JA406,Sat,08:00,17:00
JA406,Sun,08:00,17:00
JA410,Mon,08:00,17:00
JA410,Tue,08:00,17:00
JA410,Wed,08:00,17:00
JA410,Thu,08:00,17:00
JA410,Fri,08:00,17:00
JA410,Sat,08:00,17:00
JA410,Sun,08:00,17:00
JA411,Mon,08:00,17:00
JA411,Tue,08:00,17:00
JA411,Wed,08:00,17:00
JA411,Thu,08:00,17:00
JA411,Fri,08:00,17:00
JA411,Sat,08:00,17:00
JA411,Sun,08:00,17:00
JA412,Mon,08:00,17:00
JA412,Tue,08:00,17:00
JA412,Wed,08:00,17:00
JA412,Thu,08:00,17:00
JA412,Fri,08:00,17:00
JA412,Sat,08:00,17:00
JA412,Sun,08:00,17:00
JA413,Mon,08:00,17:00
JA413,Tue,08:00,17:00
JA413,Wed,08:00,17:00
JA413,Thu,08:00,17:00
JA413,Fri,08:00,17:00
JA413,Sat,08:00,17:00
JA413,Sun,08:00,17:00
JA502,Mon,08:00,17:00
JA502,Tue,08:00,17:00
JA502,Wed,08:00,17:00
JA502,Thu,08:00,17:00
JA504,Mon,08:00,17:00
JA504,Tue,08:00,17:00
JA504,Wed,08:00,17:00
JA504,Thu,08:00,17:00
JA505,Mon,08:00,17:00
JA505,Tue,08:00,17:00
JA505,Wed,08:00,17:00
JA505,Thu,08:00,17:00
JA506,Mon,08:00,17:00
JA506,Tue,08:00,17:00
JA506,Wed,08:00,17:00
JA506,Thu,08:00,17:00
JA507,Mon,08:00,17:00
JA507,Tue,08:00,17:00
JA507,Wed,08:00,17:00
JA507,Thu,08:00,17:00
JA512,Mon,08:00,17:00
JA512,Tue,08:00,17:00
JA512,Wed,08:00,17:00
JA512,Thu,08:00,17:00
JA713,Mon,08:00,17:00
JA713,Tue,08:00,17:00
JA713,Wed,08:00,17:00
JA713,Thu,08:00,17:00
JA713,Fri,08:00,17:00
JA713,Sat,08:00,17:00
JA713,Sun,08:00,17:00
JA811,Mon,08:00,17:00
JA811,Tue,08:00,17:00
JA811,Wed,08:00,17:00
JA811,Thu,08:00,17:00
JA813,Mon,08:00,17:00
JA813,Tue,08:00,17:00
JA813,Wed,08:00,17:00
JA813,Thu,08:00,17:00
JA813,Fri,08:00,17:00
JA813,Sat,08:00,17:00
JA813,Sun,08:00,17:00
JW105,Mon,08:00,17:00
JW105,Tue,08:00,17:00
JW105,Wed,08:00,17:00
JW105,Thu,08:00,17:00
JW105,Fri,08:00,17:00
JW105,Sat,08:00,17:00
JW105,Sun,08:00,17:00
JW119,Mon,08:00,17:00
JW119,Tue,08:00,17:00
JW119,Wed,08:00,17:00
JW119,Thu,08:00,17:00
JW119,Fri,08:00,17:00
JW119,Sat,08:00,17:00
JW119,Sun,08:00,17:00
JW121,Mon,08:00,17:00
JW121,Tue,08:00,17:00
JW121,Wed,08:00,17:00
JW121,Thu,08:00,17:00
JW121,Fri,08:00,17:00
JW121,Sat,08:00,17:00
JW121,Sun,08:00,17:00
JW124,Mon,08:00,17:00
JW124,Tue,08:00,17:00
JW124,Wed,08:00,17:00
JW124,Thu,08:00,17:00
JW124,Fri,08:00,17:00
JW124,Sat,08:00,17:00
JW124,Sun,08:00,17:00
JW125,Mon,08:00,17:00
JW125,Tue,08:00,17:00
JW125,Wed,08:00,17:00
JW125,Thu,08:00,17:00
JW125,Fri,08:00,17:00
JW125,Sat,08:00,17:00
JW125,Sun,08:00,17:00
JW127,Mon,08:00,17:00
JW127,Tue,08:00,17:00
JW127,Wed,08:00,17:00
JW127,Thu,08:00,17:00
JW127,Fri,08:00,17:00
JW127,Sat,08:00,17:00
JW127,Sun,08:00,17:00
JW205,Mon,08:00,17:00
JW205,Tue,08:00,17:00
JW205,Wed,08:00,17:00
JW205,Thu,08:00,17:00
JW205,Fri,08:00,17:00
JW205,Sat,08:00,17:00
JW205,Sun,08:00,17:00
JW208,Mon,08:00,17:00
JW208,Tue,08:00,17:00
JW208,Wed,08:00,17:00
JW208,Thu,08:00,17:00
JW208,Fri,08:00,17:00
JW208,Sat,08:00,17:00
JW208,Sun,08:00,17:00
JW220,Mon,08:00,17:00
JW220,Tue,08:00,17:00
JW220,Wed,08:00,17:00
JW220,Thu,08:00,17:00
JW220,Fri,08:00,17:00
JW220,Sat,08:00,17:00
JW220,Sun,08:00,17:00
JW303,Mon,08:00,17:00
JW303,Tue,08:00,17:00
JW303,Wed,08:00,17:00
JW303,Thu,08:00,17:00
JW303,Fri,08:00,17:00
JW303,Sat,08:00,17:00
JW303,Sun,08:00,17:00
JW303a,Mon,08:00,17:00
JW303a,Tue,08:00,17:00
JW303a,Wed,08:00,17:00
JW303a,Thu,08:00,17:00
JW303a,Fri,08:00,17:00
JW303a,Sat,08:00,17:00
JW303a,Sun,08:00,17:00
JW303b,Mon,08:00,17:00
JW303b,Tue,08:00,17:00
JW303b,Wed,08:00,17:00
JW303b,Thu,08:00,17:00
JW303b,Fri,08:00,17:00
JW303b,Sat,08:00,17:00
JW303b,Sun,08:00,17:00
JW303c,Mon,08:00,17:00
JW303c,Tue,08:00,17:00
JW303c,Wed,08:00,17:00
JW303c,Thu,08:00,17:00
JW303c,Fri,08:00,17:00
JW303c,Sat,08:00,17:00
JW303c,Sun,08:00,17:00
JW304,Mon,08:00,17:00
JW304,Tue,08:00,17:00
JW304,Wed,08:00,17:00
JW304,Thu,08:00,17:00
JW304,Fri,08:00,17:00
JW304,Sat,08:00,17:00
JW304,Sun,08:00,17:00
JW308,Mon,08:00,17:00
JW308,Tue,08:00,17:00
JW308,Wed,08:00,17:00
JW308,Thu,08:00,17:00
JW308,Fri,08:00,17:00
JW308,Sat,08:00,17:00
JW308,Sun,08:00,17:00
JW309,Mon,08:00,17:00
JW309,Tue,08:00,17:00
JW309,Wed,08:00,17:00
JW309,Thu,08:00,17:00
JW309,Fri,08:00,17:00
JW309,Sat,08:00,17:00
JW309,Sun,08:00,17:00
JW310,Mon,08:00,17:00
JW310,Tue,08:00,17:00
JW310,Wed,08:00,17:00
JW310,Thu,08:00,17:00
JW310,Fri,08:00,17:00
JW310,Sat,08:00,17:00
JW310,Sun,08:00,17:00
JW311,Mon,08:00,17:00
JW311,Tue,08:00,17:00
JW311,Wed,08:00,17:00
JW311,Thu,08:00,17:00
JW311,Fri,08:00,17:00
JW311,Sat,08:00,17:00
JW311,Sun,08:00,17:00
JW404e,Mon,08:00,17:00
JW404e,Tue,08:00,17:00
JW404e,Wed,08:00,17:00
JW404e,Thu,08:00,17:00
JW404e,Fri,08:00,17:00
JW404e,Sat,08:00,17:00
JW404e,Sun,08:00,17:00
JW407a,Mon,08:00,17:00
JW407a,Tue,08:00,17:00
JW407a,Wed,08:00,17:00
JW407a,Thu,08:00,17:00
JW407a,Fri,08:00,17:00
JW407a,Sat,08:00,17:00
JW407a,Sun,08:00,17:00
JW407b,Mon,08:00,17:00
JW407b,Tue,08:00,17:00
JW407b,Wed,08:00,17:00
JW407b,Thu,08:00,17:00
JW407b,Fri,08:00,17:00
JW407b,Sat,08:00,17:00
JW407b,Sun,08:00,17:00
JW407c,Mon,08:00,17:00
JW407c,Tue,08:00,17:00
JW407c,Wed,08:00,17:00
JW407c,Thu,08:00,17:00
JW407c,Fri,08:00,17:00
JW407c,Sat,08:00,17:00
JW407c,Sun,08:00,17:00
JW408,Mon,08:00,17:00
JW408,Tue,08:00,17:00
JW408,Wed,08:00,17:00
JW408,Thu,08:00,17:00
JW408,Fri,08:00,17:00
JW408,Sat,08:00,17:00
JW408,Sun,08:00,17:00
JW505a,Mon,08:00,17:00
JW505a,Tue,08:00,17:00
JW505a,Wed,08:00,17:00
JW505a,Thu,08:00,17:00
JW505a,Fri,08:00,17:00
JW505a,Sat,08:00,17:00
JW505a,Sun,08:00,17:00
JW509a,Mon,08:00,17:00
JW509a,Tue,08:00,17:00
JW509a,Wed,08:00,17:00
JW509a,Thu,08:00,17:00
JW509a,Fri,08:00,17:00
JW509a,Sat,08:00,17:00
JW509a,Sun,08:00,17:00
JW604,Mon,08:00,17:00
JW604,Tue,08:00,17:00
JW604,Wed,08:00,17:00
JW604,Thu,08:00,17:00
JW604,Fri,08:00,17:00
JW604,Sat,08:00,17:00
JW604,Sun,08:00,17:00
JW606,Mon,08:00,17:00
JW606,Tue,08:00,17:00
JW606,Wed,08:00,17:00
JW606,Thu,08:00,17:00
JW606,Fri,08:00,17:00
JW606,Sat,08:00,17:00
JW606,Sun,08:00,17:00
JW706b,Mon,08:00,17:00
JW706b,Tue,08:00,17:00
JW706b,Wed,08:00,17:00
JW706b,Thu,08:00,17:00
JW706b,Fri,08:00,17:00
JW706b,Sat,08:00,17:00
JW706b,Sun,08:00,17:00
JW707,Mon,08:00,17:00
JW707,Tue,08:00,17:00
JW707,Wed,08:00,17:00
JW707,Thu,08:00,17:00
JW707,Fri,08:00,17:00
JW707,Sat,08:00,17:00
JW707,Sun,08:00,17:00
LH211a,Mon,08:00,17:00
LH211a,Tue,08:00,17:00
LH211a,Wed,08:00,17:00
LH211a,Thu,08:00,10:30
LH211a,Thu,11:30,17:00
LH211b,Mon,08:00,17:00
LH211b,Tue,08:00,17:00
LH211b,Wed,08:00,17:00
LH211b,Thu,08:00,17:00
LH213a,Mon,08:00,17:00
LH213a,Tue,08:00,17:00
LH213a,Wed,08:00,17:00
LH213a,Thu,08:00,17:00
LH213b,Mon,08:00,17:00
LH213b,Tue,08:00,17:00
LH213b,Wed,08:00,17:00
LH213b,Thu,08:00,17:00
LH217,Mon,08:00,17:00
LH217,Tue,08:00,17:00
LH217,Wed,08:00,17:00
LH217,Thu,08:00,17:00
LH218,Mon,08:00,17:00
LH218,Tue,08:00,17:00
LH218,Wed,08:00,17:00
LH218,Thu,08:00,17:00
LH226a,Mon,08:00,10:00
LH226a,Mon,16:00,17:00
LH226a,Tue,08:00,17:00
LH226a,Wed,08:00,17:00
LH226a,Thu,08:00,17:00
LH226b,Mon,08:00,17:00
LH226b,Tue,08:00,17:00
LH226b,Wed,08:00,17:00
LH226b,Thu,08:00,17:00
LH227a,Mon,08:00,17:00
LH227a,Tue,08:00,17:00
LH227a,Wed,08:00,10:30
LH227a,Wed,13:30,17:00
LH227a,Thu,08:00,17:00
LH227b,Mon,08:00,17:00
LH227b,Tue,08:00,17:00
LH227b,Wed,08:00,10:30
LH227b,Wed,13:30,17:00
LH227b,Thu,08:00,17:00
LH228,Mon,08:00,17:00
LH228,Tue,08:00,10:00
LH228,Tue,16:00,17:00
LH228,Wed,08:00,10:30
LH228,Wed,13:30,17:00
LH228,Thu,08:00,17:00
LH229a,Mon,08:00,17:00
LH229a,Tue,08:00,17:00
LH229a,Wed,08:00,17:00
LH229a,Thu,08:00,17:00
LH229b,Mon,08:00,17:00
LH229b,Tue,08:00,17:00
LH229b,Wed,08:00,17:00
LH229b,Thu,08:00,17:00
LH533,Mon,08:00,17:00
LH533,Tue,08:00,17:00
LH533,Wed,08:00,17:00
LH533,Thu,08:00,17:00
LH533,Fri,08:00,17:00
LH533,Sat,08:00,17:00
LH533,Sun,08:00,17:00
LT1105,Mon,08:00,17:00
LT1105,Tue,08:00,17:00
LT1105,Wed,08:00,17:00
LT1105,Thu,08:00,17:00
LT1105,Fri,08:00,17:00
LT1105,Sat,08:00,17:00
LT1105,Sun,08:00,17:00
LT1201,Mon,08:00,17:00
LT1201,Tue,08:00,17:00
LT1201,Wed,08:00,17:00
LT1201,Thu,08:00,17:00
LT1201,Fri,08:00,17:00
LT1201,Sat,08:00,17:00
LT1201,Sun,08:00,17:00
LT1221,Mon,08:00,17:00
LT1221,Tue,08:00,17:00
LT1221,Wed,08:00,17:00
LT1221,Thu,08:00,17:00
LT1221,Fri,08:00,17:00
LT1221,Sat,08:00,17:00
LT1221,Sun,08:00,17:00
LT1301,Mon,08:00,17:00
LT1301,Tue,08:00,17:00
LT1301,Wed,08:00,17:00
LT1301,Thu,08:00,17:00
LT1301,Fri,08:00,17:00
LT1301,Sat,08:00,17:00
LT1301,Sun,08:00,17:00
LT1320,Mon,08:00,17:00
LT1320,Tue,08:00,17:00
LT1320,Wed,08:00,17:00
LT1320,Thu,08:00,17:00
LT1320,Fri,08:00,17:00
LT1320,Sat,08:00,17:00
LT1320,Sun,08:00,17:00
LT1414a,Mon,08:00,17:00
LT1414a,Tue,08:00,17:00
LT1414a,Wed,08:00,17:00
LT1414a,Thu,08:00,17:00
LT1414a,Fri,08:00,17:00
LT1414a,Sat,08:00,17:00
LT1414a,Sun,08:00,17:00
LT207,Mon,08:00,17:00
LT207,Tue,08:00,14:00
LT207,Tue,15:00,17:00
LT207,Wed,08:00,17:00
LT207,Thu,08:00,17:00
LT208,Mon,08:00,09:00
LT208,Mon,16:00,17:00
LT208,Tue,08:00,09:00
LT208,Tue,16:00,17:00
LT208,Wed,08:00,09:00
LT208,Wed,16:00,17:00
LT208,Thu,08:00,09:00
LT208,Thu,16:00,17:00
LT209,Mon,08:00,17:00
LT209,Tue,08:00,17:00
LT209,Wed,08:00,17:00
LT209,Thu,08:00,17:00
LT210,Mon,08:00,17:00
LT210,Tue,08:00,17:00
LT210,Wed,08:00,17:00
LT210,Thu,08:00,17:00
LT211,Mon,08:00,17:00
LT211,Tue,08:00,17:00
LT211,Wed,08:00,17:00
LT211,Thu,08:00,17:00
LT212,Mon,08:00,09:00
LT212,Mon,16:00,17:00
LT212,Tue,08:00,09:00
LT212,Tue,16:00,17:00
LT212,Wed,08:00,09:00
LT212,Wed,16:00,17:00
LT212,Thu,08:00,09:00
LT212,Thu,16:00,17:00
LT301a,Mon,08:00,17:00
LT301a,Tue,08:00,17:00
LT301a,Wed,08:00,17:00
LT301a,Thu,08:00,17:00
LT301b,Mon,08:00,17:00
LT301b,Tue,08:00,17:00
LT301b,Wed,08:00,17:00
LT301b,Thu,08:00,17:00
LT302,Mon,08:00,09:00
LT302,Mon,16:00,17:00
LT302,Tue,08:00,09:00
LT302,Tue,16:00,17:00
LT302,Wed,08:00,09:00
LT302,Wed,16:00,17:00
LT302,Thu,08:00,09:00
LT302,Thu,16:00,17:00
LT303,Mon,08:00,17:00
LT303,Tue,08:00,17:00
LT303,Wed,08:00,17:00
LT303,Thu,08:00,17:00
LT304,Mon,08:00,17:00
LT304,Tue,08:00,17:00
LT304,Wed,08:00,17:00
LT304,Thu,08:00,17:00
LT307,Mon,08:00,09:00
LT307,Mon,16:00,17:00
LT307,Tue,08:00,09:00
LT307,Tue,16:00,17:00
LT307,Wed,08:00,09:00
LT307,Wed,16:00,17:00
LT307,Thu,08:00,09:00
LT307,Thu,16:00,17:00
LT309,Mon,08:00,09:00
LT309,Mon,16:00,17:00
LT309,Tue,08:00,09:00
LT309,Tue,16:00,17:00
LT309,Wed,08:00,09:00
LT309,Wed,16:00,17:00
LT309,Thu,08:00,09:00
LT309,Thu,16:00,17:00
LT310,Mon,08:00,17:00
LT310,Tue,08:00,17:00
LT310,Wed,08:00,17:00
LT310,Thu,08:00,17:00
LT311,Mon,08:00,17:00
LT311,Tue,08:00,17:00
LT311,Wed,08:00,17:00
LT311,Thu,08:00,10:00
LT311,Thu,11:00,17:00
LT313,Mon,08:00,17:00
LT313,Tue,08:00,17:00
LT313,Wed,08:00,17:00
LT313,Thu,08:00,17:00
LT401,Mon,08:00,09:00
LT401,Mon,16:00,17:00
LT401,Tue,08:00,09:00
LT401,Tue,16:00,17:00
LT401,Wed,08:00,09:00
LT401,Wed,16:00,17:00
LT401,Thu,08:00,09:00
LT401,Thu,16:00,17:00
LT403,Mon,08:00,09:00
LT403,Mon,16:00,17:00
LT403,Tue,08:00,09:00
LT403,Tue,16:00,17:00
LT403,Wed,08:00,09:00
LT403,Wed,16:00,17:00
LT403,Thu,08:00,09:00
LT403,Thu,16:00,17:00
LT404,Mon,08:00,17:00
LT404,Tue,08:00,13:00
LT404,Wed,08:00,09:00
LT404,Thu,08:00,10:00
LT404,Thu,12:30,13:00
LT405,Mon,08:00,10:00
LT405,Tue,08:00,17:00
LT405,Wed,08:00,09:00
LT405,Thu,08:00,17:00
LT406,Mon,08:00,09:00
LT406,Mon,16:00,17:00
LT406,Tue,08:00,09:00
LT406,Tue,16:00,17:00
LT406,Wed,08:00,09:00
LT406,Wed,16:00,17:00
LT406,Thu,08:00,09:00
LT406,Thu,16:00,17:00
LT408,Mon,08:00,17:00
LT408,Tue,08:00,17:00
LT408,Wed,08:00,17:00
LT408,Thu,08:00,17:00
LT409,Mon,08:00,09:00
LT409,Mon,16:00,17:00
LT409,Tue,08:00,09:00
LT409,Tue,16:00,17:00
LT409,Wed,08:00,09:00
LT409,Wed,16:00,17:00
LT409,Thu,08:00,09:00
LT409,Thu,16:00,17:00
LT412,Mon,08:00,17:00
LT412,Tue,08:00,17:00
LT412,Wed,08:00,17:00
LT412,Thu,08:00,17:00
LT416,Mon,08:00,17:00
LT416,Tue,08:00,10:00
LT416,Tue,11:00,17:00
LT416,Wed,08:00,17:00
LT416,Thu,08:00,17:00
LT417,Mon,08:00,17:00
LT417,Tue,08:00,17:00
LT417,Wed,08:00,17:00
LT417,Thu,08:00,17:00
LT418,Mon,08:00,17:00
LT418,Tue,08:00,17:00
LT418,Wed,08:00,17:00
LT418,Thu,08:00,17:00
LT419,Mon,08:00,17:00
LT419,Tue,08:00,17:00
LT419,Wed,08:00,17:00
LT419,Thu,08:00,17:00
LT420,Mon,08:00,09:00
LT420,Mon,16:00,17:00
LT420,Tue,08:00,09:00
LT420,Tue,16:00,17:00
LT420,Wed,08:00,09:00
LT420,Wed,16:00,17:00
LT420,Thu,08:00,09:00
LT420,Thu,16:00,17:00
LT501,Mon,08:00,17:00
LT501,Tue,08:00,17:00
LT501,Wed,08:00,17:00
LT501,Thu,08:00,17:00
LT503,Mon,08:00,09:00
LT503,Mon,16:00,17:00
LT503,Tue,08:00,09:00
LT503,Tue,16:00,17:00
LT503,Wed,08:00,09:00
LT503,Wed,16:00,17:00
LT503,Thu,08:00,09:00
LT503,Thu,16:00,17:00
LT504,Mon,08:00,17:00
LT504,Tue,08:00,17:00
LT504,Wed,08:00,17:00
LT504,Thu,08:00,17:00
LT505,Mon,08:00,17:00
LT505,Tue,08:00,17:00
LT505,Wed,08:00,17:00
LT505,Thu,08:00,17:00
LT507,Mon,08:00,17:00
LT507,Tue,08:00,17:00
LT507,Wed,08:00,17:00
LT507,Thu,08:00,17:00
LT508,Mon,08:00,17:00
LT508,Tue,08:00,17:00
LT508,Wed,08:00,17:00
LT508,Thu,08:00,17:00
LT508,Fri,08:00,17:00
LT508,Sat,08:00,17:00
LT508,Sun,08:00,17:00
LT511,Mon,08:00,17:00
LT511,Tue,08:00,17:00
LT511,Wed,08:00,17:00
LT511,Thu,08:00,17:00
LT512,Mon,08:00,17:00
LT512,Tue,08:00,17:00
LT512,Wed,08:00,17:00
LT512,Thu,08:00,17:00
LT514,Mon,08:00,17:00
LT514,Tue,08:00,17:00
LT514,Wed,08:00,17:00
LT514,Thu,08:00,17:00
LT515,Mon,08:00,17:00
LT515,Tue,08:00,12:00
LT515,Tue,15:00,17:00
LT515,Wed,08:00,17:00
LT515,Thu,08:00,17:00
LT516,Mon,08:00,09:00
LT516,Mon,16:00,17:00
LT516,Tue,08:00,09:00
LT516,Tue,16:00,17:00
LT516,Wed,08:00,09:00
LT516,Wed,16:00,17:00
LT516,Thu,08:00,09:00
LT516,Thu,16:00,17:00
LT517,Mon,08:00,17:00
LT517,Tue,08:00,17:00
LT517,Wed,08:00,17:00
LT517,Thu,08:00,17:00
LT614,Mon,08:00,17:00
LT614,Tue,08:00,17:00
LT614,Wed,08:00,17:00
LT614,Thu,08:00,17:00
LT619,Mon,08:00,09:00
LT619,Mon,16:00,17:00
LT619,Tue,08:00,09:00
LT619,Tue,16:00,17:00
LT619,Wed,08:00,09:00
LT619,Wed,16:00,17:00
LT619,Thu,08:00,09:00
LT619,Thu,16:00,17:00
LT620,Mon,08:00,09:00
LT620,Mon,16:00,17:00
LT620,Tue,08:00,09:00
LT620,Tue,16:00,17:00
LT620,Wed,08:00,09:00
LT620,Wed,16:00,17:00
LT620,Thu,08:00,09:00
LT620,Thu,16:00,17:00
LT621,Mon,08:00,17:00
LT621,Tue,08:00,12:00
LT621,Tue,15:30,17:00
LT621,Wed,08:00,17:00
LT621,Thu,08:00,17:00
LT622,Mon,08:00,17:00
LT622,Tue,08:00,17:00
LT622,Wed,08:00,17:00
LT622,Thu,08:00,17:00
LT623,Mon,08:00,17:00
LT623,Tue,08:00,17:00
LT623,Wed,08:00,17:00
LT623,Thu,08:00,17:00
LT624,Mon,08:00,17:00
LT624,Tue,08:00,17:00
LT624,Wed,08:00,17:00
LT624,Thu,08:00,17:00
LT711,Mon,08:00,09:00
LT711,Mon,16:00,17:00
LT711,Tue,08:00,09:00
LT711,Tue,16:00,17:00
LT711,Wed,08:00,09:00
LT711,Wed,16:00,17:00
LT711,Thu,08:00,09:00
LT711,Thu,16:00,17:00
LT714,Mon,08:00,09:00
LT714,Mon,16:00,17:00
LT714,Tue,08:00,09:00
LT714,Tue,16:00,17:00
LT714,Wed,08:00,09:00
LT714,Wed,16:00,17:00
LT714,Thu,08:00,09:00
LT714,Thu,16:00,17:00
LT715,Mon,08:00,09:00
LT715,Mon,16:00,17:00
LT715,Tue,08:00,09:00
LT715,Tue,16:00,17:00
LT715,Wed,08:00,09:00
LT715,Wed,16:00,17:00
LT715,Thu,08:00,09:00
LT715,Thu,16:00,17:00
LT718,Mon,08:00,09:00
LT718,Mon,16:00,17:00
LT718,Tue,08:00,09:00
LT718,Tue,16:00,17:00
LT718,Wed,08:00,09:00
LT718,Wed,16:00,17:00
LT718,Thu,08:00,09:00
LT718,Thu,16:00,17:00
LT719,Mon,08:00,09:00
LT719,Mon,16:00,17:00
LT719,Tue,08:00,09:00
LT719,Tue,16:00,17:00
LT719,Wed,08:00,09:00
LT719,Wed,16:00,17:00
LT719,Thu,08:00,09:00
LT719,Thu,16:00,17:00
LT901,Mon,08:00,17:00
LT901,Tue,08:00,17:00
LT901,Wed,08:00,17:00
LT901,Thu,08:00,17:00
LT904,Mon,08:00,17:00
LT904,Tue,08:00,17:00
LT904,Wed,08:00,17:00
LT904,Thu,08:00,17:00
LT904,Fri,08:00,17:00
LT904,Sat,08:00,17:00
LT904,Sun,08:00,17:00
LT907,Mon,08:00,17:00
LT907,Tue,08:00,17:00
LT907,Wed,08:00,17:00
LT907,Thu,08:00,17:00
LT907,Fri,08:00,17:00
LT907,Sat,08:00,17:00
LT907,Sun,08:00,17:00
LT908,Mon,08:00,17:00
LT908,Tue,08:00,17:00
LT908,Wed,08:00,17:00
LT908,Thu,08:00,17:00
LT908,Fri,08:00,17:00
LT908,Sat,08:00,17:00
LT908,Sun,08:00,17:00
LT912,Mon,08:00,17:00
LT912,Tue,08:00,17:00
LT912,Wed,08:00,17:00
LT912,Thu,08:00,17:00
LT912,Fri,08:00,17:00
LT912,Sat,08:00,17:00
LT912,Sun,08:00,17:00
MC / Conservatory,Mon,08:00,17:00
MC / Conservatory,Tue,08:00,17:00
MC / Conservatory,Wed,08:00,17:00
MC / Conservatory,Thu,08:00,17:00
MC / Foyer,Mon,08:00,17:00
MC / Foyer,Tue,08:00,17:00
MC / Foyer,Wed,08:00,17:00
MC / Foyer,Thu,08:00,17:00
MC301,Mon,08:00,17:00
MC301,Tue,08:00,17:00
MC301,Wed,08:00,17:00
MC301,Thu,08:00,17:00
MC303,Mon,08:00,17:00
MC303,Tue,08:00,17:00
MC303,Wed,08:00,17:00
MC303,Thu,08:00,17:00
MC307,Mon,08:00,17:00
MC307,Tue,08:00,17:00
MC307,Wed,08:00,17:00
MC307,Thu,08:00,17:00
MC316,Mon,08:00,17:00
MC316,Tue,08:00,17:00
MC316,Wed,08:00,17:00
MC316,Thu,08:00,17:00
MC319,Mon,08:00,17:00
MC319,Tue,08:00,17:00
MC319,Wed,08:00,17:00
MC319,Thu,08:00,17:00
MC321,Mon,08:00,17:00
MC321,Tue,08:00,17:00
MC321,Wed,08:00,17:00
MC321,Thu,08:00,17:00
MC402,Mon,08:00,17:00
MC402,Tue,08:00,17:00
MC402,Wed,08:00,17:00
MC402,Thu,08:00,17:00
MC407,Mon,08:00,17:00
MC407,Tue,08:00,17:00
MC407,Wed,08:00,17:00
MC407,Thu,08:00,17:00
MC464,Mon,08:00,17:00
MC464,Tue,08:00,17:00
MC464,Wed,08:00,17:00
MC464,Thu,08:00,17:00
RC215,Mon,08:00,17:00
RC215,Tue,08:00,17:00
RC215,Wed,08:00,17:00
RC215,Thu,08:00,17:00
RC215,Fri,08:00,17:00
RC215,Sat,08:00,17:00
RC215,Sun,08:00,17:00
RC226 / Gym Hall,Mon,08:00,17:00
RC226 / Gym Hall,Tue,08:00,17:00
RC226 / Gym Hall,Wed,08:00,17:00
RC226 / Gym Hall,Thu,08:00,17:00
RC238d,Mon,08:00,17:00
RC238d,Tue,08:00,17:00
RC238d,Wed,08:00,17:00
RC238d,Thu,08:00,17:00
RC238d,Fri,08:00,17:00
RC238d,Sat,08:00,17:00
RC238d,Sun,08:00,17:00
RC251,Mon,08:00,17:00
RC251,Tue,08:00,17:00
RC251,Wed,08:00,17:00
RC251,Thu,08:00,17:00
RC251,Fri,08:00,17:00
RC251,Sat,08:00,17:00
RC251,Sun,08:00,17:00
RC345,Mon,08:00,17:00
RC345,Tue,08:00,17:00
RC345,Wed,08:00,19:00
RC345,Thu,08:00,17:00
RC402,Mon,08:00,17:00
RC402,Tue,08:00,17:00
RC402,Wed,08:00,17:00
RC402,Thu,08:00,17:00
RC402,Fri,08:00,17:00
RC402,Sat,08:00,17:00
RC402,Sun,08:00,17:00
RC403,Mon,08:00,17:00
RC403,Tue,08:00,17:00
RC403,Wed,08:00,17:00
RC403,Thu,08:00,17:00
RC403,Fri,08:00,17:00
RC403,Sat,08:00,17:00
RC403,Sun,08:00,17:00
RC420,Mon,08:00,17:00
RC420,Tue,08:00,17:00
RC420,Wed,08:00,17:00
RC420,Thu,08:00,17:00
RC420,Fri,08:00,17:00
RC420,Sat,08:00,17:00
RC420,Sun,08:00,17:00
RC421,Mon,08:00,17:00
RC421,Tue,08:00,17:00
RC421,Wed,08:00,17:00
RC421,Thu,08:00,17:00
RC421,Fri,08:00,17:00
RC421,Sat,08:00,17:00
RC421,Sun,08:00,17:00
RC422,Mon,08:00,17:00
RC422,Tue,08:00,17:00
RC422,Wed,08:00,17:00
RC422,Thu,08:00,17:00
RC422,Fri,08:00,17:00
RC422,Sat,08:00,17:00
RC422,Sun,08:00,17:00
RC426,Mon,08:00,17:00
RC426,Tue,08:00,17:00
RC426,Wed,08:00,17:00
RC426,Thu,08:00,17:00
RC434a,Mon,08:00,17:00
RC434a,Tue,08:00,17:00
RC434a,Wed,08:00,17:00
RC434a,Thu,08:00,17:00
RC434b,Mon,08:00,17:00
RC434b,Tue,08:00,17:00
RC434b,Wed,08:00,17:00
RC434b,Thu,08:00,17:00
RC440,Mon,08:00,17:00
RC440,Tue,08:00,17:00
RC440,Wed,08:00,17:00
RC440,Thu,08:00,17:00
RC443,Mon,08:00,17:00
RC443,Tue,08:00,17:00
RC443,Wed,08:00,17:00
RC443,Thu,08:00,17:00
RC443,Fri,08:00,17:00
RC443,Sat,08:00,17:00
RC443,Sun,08:00,17:00
RC445,Mon,08:00,17:00
RC445,Tue,08:00,17:00
RC445,Wed,08:00,17:00
RC445,Thu,08:00,17:00
RC445,Fri,08:00,17:00
RC445,Sat,08:00,17:00
RC445,Sun,08:00,17:00
RC446,Mon,08:00,17:00
RC446,Tue,08:00,17:00
RC446,Wed,08:00,17:00
RC446,Thu,08:00,17:00
RC446,Fri,08:00,17:00
RC446,Sat,08:00,17:00
RC446,Sun,08:00,17:00
RC447,Mon,08:00,17:00
RC447,Tue,08:00,17:00
RC447,Wed,08:00,17:00
RC447,Thu,08:00,17:00
RC448,Mon,08:00,17:00
RC448,Tue,08:00,17:00
RC448,Wed,08:00,17:00
RC448,Thu,08:00,17:00
RC448,Fri,08:00,17:00
RC448,Sat,08:00,17:00
RC448,Sun,08:00,17:00
RC473,Mon,08:00,17:00
RC473,Tue,08:00,17:00
RC473,Wed,08:00,17:00
RC473,Thu,08:00,17:00
RC473,Fri,08:00,17:00
RC473,Sat,08:00,17:00
RC473,Sun,08:00,17:00
RC501,Mon,08:00,17:00
RC501,Tue,08:00,17:00
RC501,Wed,08:00,17:00
RC501,Thu,08:00,10:00
RC501,Thu,11:00,17:00
RC503,Mon,08:00,17:00
RC503,Tue,08:00,17:00
RC503,Wed,08:00,17:00
RC503,Thu,08:00,17:00
RC512,Mon,08:00,17:00
RC512,Tue,08:00,17:00
RC512,Wed,08:00,17:00
RC512,Thu,08:00,10:00
RC512,Thu,12:00,17:00
RC513,Mon,08:00,17:00
RC513,Tue,08:00,17:00
RC513,Wed,08:00,17:00
RC513,Thu,08:00,17:00
RC530,Mon,08:00,17:00
RC530,Tue,08:00,17:00
RC530,Wed,08:00,17:00
RC530,Thu,08:00,17:00
RC537,Mon,08:00,17:00
RC537,Tue,08:00,17:00
RC537,Wed,08:00,17:00
RC537,Thu,08:00,17:00
RC537,Fri,08:00,17:00
RC537,Sat,08:00,17:00
RC537,Sun,08:00,17:00
RC538,Mon,08:00,17:00
RC538,Tue,08:00,17:00
RC538,Wed,08:00,17:00
RC538,Thu,08:00,17:00
RC540,Mon,08:00,17:00
RC540,Tue,08:00,17:00
RC540,Wed,08:00,17:00
RC540,Thu,08:00,17:00
RC541,Mon,08:00,17:00
RC541,Tue,08:00,17:00
RC541,Wed,08:00,17:00
RC541,Thu,08:00,17:00
RC541,Fri,08:00,17:00
RC541,Sat,08:00,17:00
RC541,Sun,08:00,17:00
RC546,Mon,08:00,17:00
RC546,Tue,08:00,17:00
RC546,Wed,08:00,17:00
RC546,Thu,08:00,17:00
RC557,Mon,08:00,17:00
RC557,Tue,08:00,17:00
RC557,Wed,08:00,17:00
RC557,Thu,08:00,17:00
RC621,Mon,08:00,17:00
RC621,Tue,08:00,17:00
RC621,Wed,08:00,17:00
RC621,Thu,08:00,17:00
RC621,Fri,08:00,17:00
RC621,Sat,08:00,17:00
RC621,Sun,08:00,17:00
RC636,Mon,08:00,17:00
RC636,Tue,08:00,17:00
RC636,Wed,08:00,17:00
RC636,Thu,08:00,17:00
RC636,Fri,08:00,17:00
RC636,Sat,08:00,17:00
RC636,Sun,08:00,17:00
RC641,Mon,08:00,17:00
RC641,Tue,08:00,17:00
RC641,Wed,08:00,17:00
RC641,Thu,08:00,17:00
RC665,Mon,08:00,17:00
RC665,Tue,08:00,17:00
RC665,Wed,08:00,17:00
RC665,Thu,08:00,17:00
RC665,Fri,08:00,17:00
RC665,Sat,08:00,17:00
RC665,Sun,08:00,17:00
RC667,Mon,08:00,17:00
RC667,Tue,08:00,17:00
RC667,Wed,08:00,17:00
RC667,Thu,08:00,17:00
RC669,Mon,08:00,17:00
RC669,Tue,08:00,16:30
RC669,Wed,08:00,19:00
RC669,Thu,08:00,10:30
RC669,Thu,12:30,17:00
SH218 / Swimming Pool,Mon,08:00,17:00
SH218 / Swimming Pool,Tue,08:00,17:00
SH218 / Swimming Pool,Wed,08:00,17:00
SH218 / Swimming Pool,Thu,08:00,17:00
SH218 / Swimming Pool,Fri,08:00,17:00
SH218 / Swimming Pool,Sat,08:00,17:00
SH218 / Swimming Pool,Sun,08:00,17:00
SH308 / Conditioning Suite,Mon,08:00,17:00
SH308 / Conditioning Suite,Tue,08:00,17:00
SH308 / Conditioning Suite,Wed,08:00,17:00
SH308 / Conditioning Suite,Thu,08:00,17:00
SH308 / Conditioning Suite,Fri,08:00,17:00
SH308 / Conditioning Suite,Sat,08:00,17:00
SH308 / Conditioning Suite,Sun,08:00,17:00
SH310 / Dance Studio,Mon,08:00,17:00
SH310 / Dance Studio,Tue,08:00,17:00
SH310 / Dance Studio,Wed,08:00,17:00
SH310 / Dance Studio,Thu,08:00,17:00
SH310 / Dance Studio,Fri,08:00,17:00
SH310 / Dance Studio,Sat,08:00,17:00
SH310 / Dance Studio,Sun,08:00,17:00
SH401 / Sports Hall 1,Mon,08:00,17:00
SH401 / Sports Hall 1,Tue,08:00,17:00
SH401 / Sports Hall 1,Wed,08:00,17:00
SH401 / Sports Hall 1,Thu,08:00,17:00
SH401 / Sports Hall 1,Fri,08:00,17:00
SH401 / Sports Hall 1,Sat,08:00,17:00
SH401 / Sports Hall 1,Sun,08:00,17:00
SH406 / Sports Hall 2,Mon,08:00,17:00
SH406 / Sports Hall 2,Tue,08:00,17:00
SH406 / Sports Hall 2,Wed,08:00,17:00
SH406 / Sports Hall 2,Thu,08:00,17:00
SH406 / Sports Hall 2,Fri,08:00,17:00
SH406 / Sports Hall 2,Sat,08:00,17:00
SH406 / Sports Hall 2,Sun,08:00,17:00
ST205 / Stepps,Mon,08:00,17:00
ST205 / Stepps,Tue,08:00,17:00
ST205 / Stepps,Wed,08:00,17:00
ST205 / Stepps,Thu,08:00,17:00
ST205 / Stepps,Fri,08:00,17:00
ST205 / Stepps,Sat,08:00,17:00
ST205 / Stepps,Sun,08:00,17:00
STAWP / Stepps All weather Field,Mon,08:00,17:00
STAWP / Stepps All weather Field,Tue,08:00,17:00
STAWP / Stepps All weather Field,Wed,08:00,17:00
STAWP / Stepps All weather Field,Thu,08:00,17:00
STAWP / Stepps All weather Field,Fri,08:00,17:00
STAWP / Stepps All weather Field,Sat,08:00,17:00
STAWP / Stepps All weather Field,Sun,08:00,17:00
STAWP / Stepps Grass Pitch,Mon,08:00,17:00
STAWP / Stepps Grass Pitch,Tue,08:00,17:00
STAWP / Stepps Grass Pitch,Wed,08:00,17:00
STAWP / Stepps Grass Pitch,Thu,08:00,17:00
STAWP / Stepps Grass Pitch,Fri,08:00,17:00
STAWP / Stepps Grass Pitch,Sat,08:00,17:00
STAWP / Stepps Grass Pitch,Sun,08:00,17:00
SW104,Mon,08:00,17:00
SW104,Tue,08:00,09:00
SW104,Wed,08:00,17:00
SW104,Thu,08:00,17:00
SW105,Mon,08:00,09:30
SW105,Mon,14:00,17:00
SW105,Tue,08:00,09:30
SW105,Tue,13:30,17:00
SW105,Wed,08:00,09:30
SW105,Wed,14:00,17:00
SW105,Thu,08:00,09:30
SW105,Thu,13:30,17:00
SW106,Mon,08:00,17:00
SW106,Tue,08:00,17:00
SW106,Wed,08:00,17:00
SW106,Thu,08:00,14:00
SW107,Mon,08:00,17:00
SW107,Tue,08:00,17:00
SW107,Wed,08:00,17:00
SW107,Thu,08:00,10:00
SW107,Thu,11:00,17:00
SW108,Mon,08:00,17:00
SW108,Tue,08:00,13:00
SW108,Tue,15:00,17:00
SW108,Wed,08:00,17:00
SW108,Thu,08:00,10:00
SW108,Thu,15:00,17:00
SW108,Thu,12:00,13:00
SW109,Mon,08:00,17:00
SW109,Tue,08:00,17:00
SW109,Wed,08:00,10:00
SW109,Wed,12:00,17:00
SW109,Thu,08:00,17:00
SW203,Mon,08:00,09:30
SW203,Mon,11:30,17:00
SW203,Tue,08:00,17:00
SW203,Wed,08:00,17:00
SW203,Thu,08:00,17:00
SW203,Fri,08:00,17:00
SW203,Sat,08:00,17:00
SW203,Sun,08:00,17:00
SW204,Mon,08:00,17:00
SW204,Tue,08:00,17:00
SW204,Wed,08:00,17:00
SW204,Thu,08:00,17:00
SW205,Mon,08:00,09:30
SW205,Mon,11:30,17:00
SW205,Tue,08:00,17:00
SW205,Wed,08:00,17:00
SW205,Thu,08:00,17:00
SW205,Fri,08:00,17:00
SW205,Sat,08:00,17:00
SW205,Sun,08:00,17:00
SW601a,Mon,08:00,09:00
SW601a,Mon,11:30,17:00
SW601a,Tue,08:00,17:00
SW601a,Wed,08:00,17:00
SW601a,Thu,08:00,17:00
SW601b,Mon,08:00,09:00
SW601b,Mon,11:30,17:00
SW601b,Tue,08:00,17:00
SW601b,Wed,08:00,17:00
SW601b,Thu,08:00,17:00
TC202 / Auditorium,Mon,08:00,17:00
TC202 / Auditorium,Tue,08:00,17:00
TC202 / Auditorium,Wed,08:00,17:00
TC202 / Auditorium,Thu,08:00,17:00
TC202 / Auditorium,Fri,08:00,17:00
TC202 / Auditorium,Sat,08:00,17:00
TC202 / Auditorium,Sun,08:00,17:00
TG108,Mon,08:00,17:00
TG108,Tue,08:00,17:00
TG108,Wed,08:00,17:00
TG108,Thu,08:00,17:00
TG108,Fri,08:00,17:00
TG108,Sat,08:00,17:00
TG108,Sun,08:00,17:00
TG120,Mon,08:00,17:00
TG120,Tue,08:00,17:00
TG120,Wed,08:00,17:00
TG120,Thu,08:00,17:00
TG120,Fri,08:00,17:00
TG120,Sat,08:00,17:00
TG120,Sun,08:00,17:00
TG223,Mon,08:00,17:00
TG223,Tue,08:00,17:00
TG223,Wed,08:00,17:00
TG223,Thu,08:00,17:00
TG224,Mon,08:00,17:00
TG224,Tue,08:00,17:00
TG224,Wed,08:00,17:00
TG224,Thu,08:00,17:00
TG224,Fri,08:00,17:00
TG224,Sat,08:00,17:00
TG224,Sun,08:00,17:00
TG227,Mon,08:00,17:00
TG227,Tue,08:00,17:00
TG227,Wed,08:00,17:00
TG227,Thu,08:00,17:00
TG310,Mon,08:00,17:00
TG310,Tue,08:00,17:00
TG310,Wed,08:00,17:00
TG310,Thu,08:00,17:00
TG312,Mon,08:00,17:00
TG312,Tue,08:00,17:00
TG312,Wed,08:00,17:00
TG312,Thu,08:00,17:00
TG314,Mon,08:00,17:00
TG314,Tue,08:00,17:00
TG314,Wed,08:00,17:00
TG314,Thu,08:00,17:00
TL324,Mon,08:00,17:00
TL324,Tue,08:00,09:00
TL324,Tue,15:00,17:00
TL324,Sat,08:00,17:00
TL324,Sun,08:00,17:00
TL325a,Mon,08:00,17:00
TL325a,Tue,08:00,17:00
TL325a,Wed,08:00,17:00
TL325a,Thu,08:00,17:00
TL325a,Fri,08:00,17:00
TL325a,Sat,08:00,17:00
TL325a,Sun,08:00,17:00
TL325b,Mon,08:00,17:00
TL325b,Tue,08:00,17:00
TL325b,Wed,08:00,17:00
TL325b,Thu,08:00,17:00
TL325b,Fri,08:00,17:00
TL325b,Sat,08:00,17:00
TL325b,Sun,08:00,17:00
TL328,Mon,08:00,17:00
TL328,Tue,08:00,17:00
TL328,Wed,08:00,17:00
TL328,Thu,08:00,17:00
TL328,Sat,08:00,17:00
TL328,Sun,08:00,17:00
TL329,Mon,08:00,09:00
TL329,Mon,16:00,17:00
TL329,Mon,10:00,14:00
TL329,Tue,08:00,17:00
TL329,Wed,08:00,17:30
TL329,Thu,08:00,17:00
TL329,Sat,08:00,17:00
TL329,Sun,08:00,17:00
TL330,Mon,08:00,17:00
TL330,Tue,08:00,17:00
TL330,Wed,08:00,17:00
TL330,Thu,08:00,17:00
TL423,Mon,08:00,17:00
TL423,Tue,08:00,17:00
TL423,Wed,08:00,17:00
TL423,Thu,08:00,17:00
TL423,Sat,08:00,17:00
TL423,Sun,08:00,17:00
TL434 / Speaker's Corner,Mon,08:00,17:00
TL434 / Speaker's Corner,Tue,08:00,17:00
TL434 / Speaker's Corner,Wed,08:00,17:00
TL434 / Speaker's Corner,Thu,08:00,17:00
TL455,Mon,08:00,17:00
TL455,Tue,08:00,17:00
TL455,Wed,08:00,17:00
TL455,Thu,08:00,17:00
TL455,Sat,08:00,17:00
TL455,Sun,08:00,17:00
TL551b,Mon,08:00,11:00
TL551b,Mon,12:00,16:00
TL551b,Tue,08:00,11:00
TL551b,Tue,12:00,17:00
TL551b,Wed,08:00,11:00
TL551b,Wed,16:00,17:00
TL551b,Wed,12:00,14:00
TL551b,Thu,08:00,11:00
TL551b,Thu,13:00,14:00
TL553,Mon,08:00,17:00
TL553,Tue,08:00,17:00
TL553,Wed,08:00,17:00
TL553,Thu,08:00,17:00
TL556,Mon,08:00,17:00
TL556,Tue,08:00,09:00
TL556,Tue,12:00,17:00
TL556,Wed,08:00,17:00
TL556,Thu,08:00,17:00
TL557,Mon,08:00,17:00
TL557,Tue,08:00,17:00
TL557,Wed,08:00,17:00
TL557,Thu,08:00,17:00
TL560,Mon,08:00,17:00
TL560,Tue,08:00,17:00
TL560,Wed,08:00,17:00
TL560,Thu,08:00,17:00
TL563,Mon,08:00,17:00
TL563,Tue,08:00,17:00
TL563,Wed,08:00,10:00
                                                                                                                                                                                                                                                                                                                                                                                                                                                                                                                                                                                                                                                                                                                                                                                                                                                                                                                                                                                                                                                                                                                                                                                                                                                                                                                                                                                                                                                                                                                                                                                                                                                                                                                                                                                                                                                                                                                                                                                                                                                                                                                           TL563,Wed,12:00,13:00
TL563,Wed,16:00,17:00
TL563,Thu,08:00,17:00
TL565,Mon,08:00,17:00
TL565,Tue,08:00,17:00
TL565,Wed,08:00,17:00
TL565,Thu,08:00,14:00
TL565,Thu,16:00,17:00
TL565,Sat,08:00,17:00
TL565,Sun,08:00,17:00
TL651,Mon,08:00,10:00
TL651,Mon,13:00,17:00
TL651,Tue,08:00,10:00
TL651,Tue,13:00,17:00
TL651,Wed,08:00,09:00
TL651,Thu,08:00,09:00
TL652,Mon,08:00,17:00
TL652,Tue,08:00,17:00
TL652,Wed,08:00,17:00
TL652,Thu,08:00,17:00
TL655,Mon,08:00,17:00
TL655,Tue,08:00,17:00
TL655,Wed,08:00,12:00
TL655,Wed,15:00,17:00
TL655,Thu,08:00,15:00
TL657,Mon,08:00,17:00
TL657,Tue,08:00,17:00
TL657,Wed,08:00,17:00
TL657,Thu,08:00,17:00
TL660,Mon,08:00,17:00
TL660,Tue,08:00,17:00
TL660,Wed,08:00,17:00
TL660,Thu,08:00,17:00
TL662,Mon,08:00,17:00
TL662,Tue,08:00,17:00
TL662,Wed,08:00,17:00
TL662,Thu,08:00,12:00
TL662,Thu,14:00,17:00
TL662,Sat,08:00,17:00
TL662,Sun,08:00,17:00
UC201,Mon,08:00,17:00
UC201,Tue,08:00,17:00
UC201,Wed,08:00,17:00
UC201,Thu,08:00,17:00
UC201,Fri,08:00,17:00
UC201,Sat,08:00,17:00
UC201,Sun,08:00,17:00
UC304,Mon,08:00,17:00
UC304,Tue,08:00,17:00
UC304,Wed,08:00,17:00
UC304,Thu,08:00,17:00
UC304,Fri,08:00,17:00
UC304,Sat,08:00,17:00
UC304,Sun,08:00,17:00
UC317,Mon,08:00,17:00
UC317,Tue,08:00,17:00
UC317,Wed,08:00,17:00
UC317,Thu,08:00,17:00
UC317,Fri,08:00,17:00
UC317,Sat,08:00,17:00
UC317,Sun,08:00,17:00
WC106,Mon,08:00,17:00
WC106,Tue,08:00,17:00
WC106,Wed,08:00,17:00
WC106,Thu,08:00,17:00
WC106,Fri,08:00,17:00
WC106,Sat,08:00,17:00
WC106,Sun,08:00,17:00
WC109,Mon,08:00,17:00
WC109,Tue,08:00,17:00
WC109,Wed,08:00,17:00
WC109,Thu,08:00,17:00
WC109,Fri,08:00,17:00
WC109,Sat,08:00,17:00
WC109,Sun,08:00,17:00
WC202,Mon,08:00,17:00
WC202,Tue,08:00,17:00
WC202,Wed,08:00,17:00
WC202,Thu,08:00,17:00
WC202,Fri,08:00,17:00
WC202,Sat,08:00,17:00
WC202,Sun,08:00,17:00
WC203,Mon,08:00,17:00
WC203,Tue,08:00,17:00
WC203,Wed,08:00,17:00
WC203,Thu,08:00,17:00
WC203,Fri,08:00,17:00
WC203,Sat,08:00,17:00
WC203,Sun,08:00,17:00
WC204,Mon,08:00,17:00
WC204,Tue,08:00,17:00
WC204,Wed,08:00,17:00
WC204,Thu,08:00,17:00
WC204,Fri,08:00,17:00
WC204,Sat,08:00,17:00
WC204,Sun,08:00,17:00
WC301,Mon,08:00,17:00
WC301,Tue,08:00,17:00
WC301,Wed,08:00,17:00
WC301,Thu,08:00,17:00
WC301,Fri,08:00,17:00
WC301,Sat,08:00,17:00
WC301,Sun,08:00,17:00
